2026-04-21   7:07:11.540 오후   TX        13 2F 02 08 00 08 16 33 CE 2D 00 80 52 82
2026-04-21   7:07:11.786 오후   RX       104 2F 02 FF 00 08 16 33 CE 2D 00 53 01 00 00 00 00 00 C3 00 00 00 AC 00 00 00 00 00 00 00 AC 00 00 00 59 00 00 00 00 00 00 00 59 00 00 00 C2 00 00 00 00 00 00 00 C2 00 00 00 C4 00 00 00 00 00 00 00 C4 00 00 00 5E 00 00 00 00 00 00 00 5E 00 00 00 DA 00 00 00 00 00 00 00 DA 00 00 00 00 00 00 00 00 00 00 00 00 00 00
2026-04-21   7:07:11.899 오후   RX       104 00 00 00 00 00 00 00 00 00 00 00 00 00 00 00 00 00 00 00 00 00 00 00 00 00 34 01 00 00 00 00 00 00 34 01 00 00 87 00 00 00 00 00 00 00 87 00 00 00 51 01 00 00 00 00 00 00 51 01 00 00 32 01 00 00 00 00 00 00 32 01 00 00 85 00 00 00 00 00 00 00 85 00 00 00 4D 01 00 00 00 00 00 00 4D 01 00 00 34 01 00 00 00 00 00
2026-04-21   7:07:11.952 오후   RX        52 00 34 01 00 00 87 00 00 00 00 00 00 00 87 00 00 00 51 01 00 00 00 00 00 00 51 01 00 00 32 01 00 00 00 00 00 00 32 01 00 00 81 00 00 00 00 00 00 00 81 0D 7C
2026-04-21   7:07:11.960 오후   TX        13 2F 02 08 00 00 00 00 00 00 00 C0 71 A2
2026-04-21   7:07:12.068 오후   RX        13 2F 02 08 00 08 16 33 CE 2D 00 00 F2 83
2026-04-21   7:07:12.068 오후   TX        29 2F 02 18 00 08 16 33 CE 2D 00 F1 31 32 33 34 35 36 37 38 00 00 00 00 00 00 00 00 DB 67
2026-04-21   7:07:12.209 오후   RX        29 2F 02 18 00 08 16 33 CE 2D 00 00 CE CD CC CB CA C9 C8 C7 EC DC CC BC AC 9C 8C 7C 14 A4
2026-04-21   7:07:12.209 오후   TX        29 2F 02 18 00 08 16 33 CE 2D 00 F1 00 00 00 00 00 00 00 00 CE CD CC CB CA C9 C8 C7 95 8F
2026-04-21   7:07:12.351 오후   RX        29 2F 02 18 00 08 16 33 CE 2D 00 00 FF FF FF FF FF FF FF FF FF FF FF FF FF FF FF FF FE 06
2026-04-21   7:07:12.351 오후   TX        17 2F 02 0C 00 08 16 33 CE 2D 00 C4 C0 01 04 1F 31 A6
2026-04-21   7:07:12.616 오후   RX       104 2F 02 FF 00 08 16 33 CE 2D 00 73 40 81 04 1F 08 03 14 00 0A 00 08 16 33 CE 2D 53 EA 07 04 15 13 07 2E 02 E6 07 05 13 0E 29 1E EA 07 04 10 00 00 00 00 00 00 00 00 00 00 00 00 00 00 00 00 00 00 00 00 00 00 00 00 00 00 00 00 00 00 00 00 00 00 00 00 00 00 00 00 00 00 00 00 00 00 00 00 00 00 00 00 00 00 00 00 00 00
2026-04-21   7:07:12.723 오후   RX       104 00 00 00 00 00 00 00 00 00 00 00 00 00 00 00 00 00 00 00 00 00 00 00 00 00 00 00 00 00 00 00 00 00 00 00 00 00 00 00 00 00 00 00 00 00 00 00 00 00 00 00 00 00 00 00 00 00 00 00 00 00 00 00 00 00 00 00 00 00 00 00 00 00 00 00 00 00 00 00 00 00 00 00 00 00 00 00 00 00 00 00 00 00 00 00 00 00 00 00 00 00 00 00 00
2026-04-21   7:07:12.783 오후   RX        52 00 00 00 00 00 00 00 00 00 00 00 00 00 00 00 00 00 00 00 00 00 00 00 00 00 00 00 00 00 00 00 00 00 00 00 00 00 00 00 00 00 00 00 00 00 00 00 00 00 00 FA C7
2026-04-21   7:07:12.783 오후   TX        13 2F 02 08 00 08 16 33 CE 2D 00 80 52 82
2026-04-21   7:07:13.014 오후   RX       104 2F 02 77 00 08 16 33 CE 2D 00 53 81 00 00 00 EA 07 04 10 00 00 00 E8 07 06 01 00 00 00 E7 07 05 18 00 00 00 E7 07 01 01 00 00 00 00 00 00 00 00 00 00 00 00 00 00 00 00 00 00 00 00 00 00 00 00 00 00 00 00 00 00 00 00 00 00 00 00 00 00 00 00 00 00 00 00 00 00 00 00 00 00 00 00 00 00 00 00 00 00 00 00 00 00 00 00
2026-04-21   7:07:13.038 오후   RX        20 00 00 00 00 00 00 00 00 00 00 00 00 00 00 00 00 04 00 E4 BB
2026-04-21   7:07:13.038 오후   TX        13 2F 02 08 00 08 16 33 CE 2D 00 80 52 82
2026-04-21   7:07:13.038 오후   TX        17 2F 02 0C 00 08 16 33 CE 2D 00 C4 C0 01 04 2F 25 A6
2026-04-21   7:07:13.334 오후   RX       104 2F 02 FF 00 08 16 33 CE 2D 00 73 40 81 04 2F 02 01 02 00 00 00 00 00 00 00 00 00 00 00 00 00 00 00 00 00 00 00 00 00 00 00 00 00 00 00 00 00 00 00 00 00 00 00 00 00 00 00 00 00 00 00 00 00 00 00 00 00 00 00 00 00 00 00 00 00 00 00 00 00 00 EA 07 04 10 00 00 00 40 EA 07 04 01 00 00 00 01 EA 07 03 01 00 00 00 03
2026-04-21   7:07:13.446 오후   RX       104 EA 07 02 01 00 00 00 01 EA 07 01 01 00 00 00 01 E9 07 0C 01 00 00 00 01 E9 07 0B 01 00 00 00 03 E9 07 0A 01 00 00 00 01 E9 07 09 01 00 00 00 03 E9 07 08 01 00 00 00 01 E9 07 07 01 00 00 00 01 E9 07 06 01 00 00 00 03 E9 07 05 01 00 00 00 01 E9 07 04 01 00 00 00 01 E9 07 03 01 00 00 00 03 31 00 EA 07 04 10 00 00
2026-04-21   7:07:13.508 오후   RX        52 00 40 EA 07 04 01 00 00 00 01 EA 07 03 01 00 00 00 01 EA 07 02 01 00 00 00 01 EA 07 01 01 00 00 00 01 E9 07 0C 01 00 00 00 01 E9 07 0B 01 00 00 00 01 89 50
2026-04-21   7:07:13.508 오후   TX        13 2F 02 08 00 08 16 33 CE 2D 00 80 52 82
2026-04-21   7:07:13.754 오후   RX       104 2F 02 FF 00 08 16 33 CE 2D 00 53 01 E9 07 0A 01 00 00 00 01 E9 07 09 01 00 00 00 01 E9 07 08 01 00 00 00 01 E9 07 07 01 00 00 00 01 E9 07 06 01 00 00 00 01 E9 07 05 01 00 00 00 01 E9 07 04 01 00 00 00 01 E9 07 03 01 00 00 00 01 31 00 00 00 00 00 00 00 00 00 00 00 00 00 00 00 00 00 00 00 00 00 00 00 00 00 00 00
2026-04-21   7:07:13.865 오후   RX       104 00 00 00 00 00 00 00 00 00 00 00 00 00 00 00 00 00 00 00 00 00 00 00 00 00 00 00 00 00 00 00 00 00 00 00 00 00 00 00 00 00 00 00 00 00 00 00 00 00 00 00 00 00 00 00 00 00 00 00 00 00 00 00 00 00 00 00 00 00 00 00 00 00 00 00 00 00 00 00 00 00 00 00 00 00 00 00 00 00 00 00 00 00 00 00 00 00 00 00 00 00 00 00 00
2026-04-21   7:07:13.924 오후   RX        52 00 00 00 00 00 00 00 00 00 00 00 00 00 00 00 00 00 00 00 00 00 00 00 00 00 00 00 00 00 00 00 00 00 00 00 00 00 00 00 00 00 00 00 00 00 00 00 00 00 00 FC 71
2026-04-21   7:07:13.924 오후   TX        13 2F 02 08 00 08 16 33 CE 2D 00 80 52 82
2026-04-21   7:07:14.046 오후   RX        23 2F 02 12 00 08 16 33 CE 2D 00 73 82 00 00 00 00 00 00 00 00 00 C6 39
2026-04-21   7:07:14.046 오후   TX        13 2F 02 08 00 08 16 33 CE 2D 00 80 52 82
2026-04-21   7:07:14.046 오후   TX        17 2F 02 0C 00 08 16 33 CE 2D 00 C4 C0 01 04 7F 19 A6
2026-04-21   7:07:14.339 오후   RX       104 2F 02 A1 00 08 16 33 CE 2D 00 53 C0 81 04 7F 67 00 00 00 00 00 00 00 B5 00 00 00 1C 01 00 00 00 00 00 00 00 00 00 00 00 00 00 00 00 00 00 00 96 00 00 00 00 00 00 00 00 00 00 00 88 00 00 00 00 00 00 00 00 00 00 00 0E 00 00 00 00 00 00 00 B6 00 00 00 00 00 00 00 B5 00 00 00 3B 01 00 00 38 C0 01 00 00 00 00 00 29
2026-04-21   7:07:14.409 오후   RX        62 C1 01 00 3B 06 00 00 00 00 00 00 2D 06 00 00 01 65 EA 00 00 1C 16 00 00 00 00 00 00 F1 26 00 00 82 0D 00 00 37 00 00 00 00 00 00 00 64 01 00 00 00 00 00 00 00 00 00 00 00 00 00 00 F8 4E
2026-04-21   7:07:14.409 오후   TX        13 2F 02 08 00 08 16 33 CE 2D 00 80 52 82
2026-04-21   7:07:14.409 오후   TX        17 2F 02 0C 00 08 16 33 CE 2D 00 C4 C0 01 05 9F 01 A6
2026-04-21   7:07:14.711 오후   RX       104 2F 02 98 00 08 16 33 CE 2D 00 73 C0 81 05 9F 6D 23 00 00 71 23 00 00 62 23 00 00 6E 23 00 00 00 00 00 00 9B 22 00 00 88 22 00 00 AE 22 00 00 9F 22 00 00 00 00 00 00 D2 23 00 00 BD 23 00 00 A9 23 00 00 EB 23 00 00 00 00 00 00 4F 24 00 00 38 24 00 00 4C 24 00 00 5C 24 00 00 00 00 00 00 FB 23 00 00 E7 23 00 00 EB
2026-04-21   7:07:14.770 오후   RX        53 23 00 00 0D 24 00 00 00 00 00 00 0F 24 00 00 FC 23 00 00 F4 23 00 00 24 24 00 00 00 00 00 00 90 23 00 00 7D 23 00 00 6D 23 00 00 A8 23 00 00 00 00 00 00 E9 D8
2026-04-21   7:07:14.770 오후   TX        13 2F 02 08 00 08 16 33 CE 2D 00 80 52 82
2026-04-21   7:07:14.770 오후   TX        17 2F 02 0C 00 08 16 33 CE 2D 00 C4 C0 01 05 7F 89 A7
2026-04-21   7:07:15.035 오후   RX       104 2F 02 98 00 08 16 33 CE 2D 00 53 C0 81 05 7F 3B 23 00 00 3B 23 00 00 F7 22 00 00 2F 23 00 00 00 00 00 00 34 23 00 00 AE 22 00 00 BA 22 00 00 34 23 00 00 00 00 00 00 C3 23 00 00 02 24 00 00 C3 23 00 00 20 24 00 00 00 00 00 00 C9 23 00 00 C9 23 00 00 D1 23 00 00 03 24 00 00 00 00 00 00 D6 23 00 00 D6 23 00 00 AC
2026-04-21   7:07:15.093 오후   RX        53 23 00 00 AE 23 00 00 00 00 00 00 78 23 00 00 78 23 00 00 84 23 00 00 E4 23 00 00 00 00 00 00 F4 23 00 00 F4 23 00 00 B0 23 00 00 13 24 00 00 00 00 00 00 86 4B
2026-04-21   7:07:15.093 오후   TX        13 2F 02 08 00 08 16 33 CE 2D 00 80 52 82
2026-04-21   7:07:15.093 오후   TX        17 2F 02 0C 00 08 16 33 CE 2D 00 C4 C0 01 05 1F A1 A7
2026-04-21   7:07:15.414 오후   RX       104 2F 02 FF 00 08 16 33 CE 2D 00 73 40 81 05 1F 54 B6 95 00 00 00 00 00 54 B6 95 00 D5 EF 46 00 00 00 00 00 D5 EF 46 00 9B C8 A5 00 00 00 00 00 9B C8 A5 00 26 C4 2D 00 00 00 00 00 26 C4 2D 00 9B E4 15 00 00 00 00 00 9B E4 15 00 3A C4 32 00 00 00 00 00 3A C4 32 00 FF 40 19 00 00 00 00 00 FF 40 19 00 A3 2D 0C 00 00
2026-04-21   7:07:15.526 오후   RX       104 00 00 00 A3 2D 0C 00 5F 0E 1C 00 00 00 00 00 5F 0E 1C 00 2E B1 4E 00 00 00 00 00 2E B1 4E 00 96 DD 24 00 00 00 00 00 96 DD 24 00 00 F6 56 00 00 00 00 00 00 F6 56 00 00 00 00 00 00 00 00 00 00 00 00 00 00 00 00 00 00 00 00 00 00 00 00 00 00 00 00 00 00 00 00 00 00 00 00 00 E7 21 95 00 00 00 00 00 E7 21 95 00 E4
2026-04-21   7:07:15.586 오후   RX        52 AA 46 00 00 00 00 00 E4 AA 46 00 EB 24 A5 00 00 00 00 00 EB 24 A5 00 53 94 2D 00 00 00 00 00 53 94 2D 00 72 CE 15 00 00 00 00 00 72 CE 15 00 81 8F 32 9E 67
2026-04-21   7:07:15.586 오후   TX        13 2F 02 08 00 08 16 33 CE 2D 00 80 52 82
2026-04-21   7:07:15.836 오후   RX       104 2F 02 FF 00 08 16 33 CE 2D 00 53 01 00 00 00 00 00 81 8F 32 00 E1 28 19 00 00 00 00 00 E1 28 19 00 5C 22 0C 00 00 00 00 00 5C 22 0C 00 BE F3 1B 00 00 00 00 00 BE F3 1B 00 B2 64 4E 00 00 00 00 00 B2 64 4E 00 15 BA 24 00 00 00 00 00 15 BA 24 00 AB A1 56 00 00 00 00 00 AB A1 56 00 00 00 00 00 00 00 00 00 00 00 00
2026-04-21   7:07:15.942 오후   RX       104 00 00 00 00 00 00 00 00 00 00 00 00 00 00 00 00 00 00 00 00 00 00 00 00 00 7F A0 94 00 00 00 00 00 7F A0 94 00 22 67 46 00 00 00 00 00 22 67 46 00 95 92 A4 00 00 00 00 00 95 92 A4 00 F9 6A 2D 00 00 00 00 00 F9 6A 2D 00 95 B8 15 00 00 00 00 00 95 B8 15 00 A2 60 32 00 00 00 00 00 A2 60 32 00 44 0E 19 00 00 00 00
2026-04-21   7:07:16.001 오후   RX        52 00 44 0E 19 00 91 14 0C 00 00 00 00 00 91 14 0C 00 B8 D5 1B 00 00 00 00 00 B8 D5 1B 00 41 27 4E 00 00 00 00 00 41 27 4E 00 FB 99 24 00 00 00 00 00 FB B0 7A
2026-04-21   7:07:16.001 오후   TX        13 2F 02 08 00 08 16 33 CE 2D 00 80 52 82
2026-04-21   7:07:16.289 오후   RX       104 2F 02 FF 00 08 16 33 CE 2D 00 73 02 99 24 00 39 5C 56 00 00 00 00 00 39 5C 56 00 00 00 00 00 00 00 00 00 00 00 00 00 00 00 00 00 00 00 00 00 00 00 00 00 00 00 00 00 00 00 00 00 00 00 00 00 0F 03 92 00 00 00 00 00 0F 03 92 00 1F 44 45 00 00 00 00 00 1F 44 45 00 5D B8 A1 00 00 00 00 00 5D B8 A1 00 E1 A5 2C 00 00
2026-04-21   7:07:16.396 오후   RX       104 00 00 00 E1 A5 2C 00 A3 61 15 00 00 00 00 00 A3 61 15 00 24 89 31 00 00 00 00 00 24 89 31 00 FD 9D 18 00 00 00 00 00 FD 9D 18 00 60 E2 0B 00 00 00 00 00 60 E2 0B 00 B1 5A 1B 00 00 00 00 00 B1 5A 1B 00 30 BF 4C 00 00 00 00 00 30 BF 4C 00 1A 00 24 00 00 00 00 00 1A 00 24 00 87 D4 54 00 00 00 00 00 87 D4 54 00 00
2026-04-21   7:07:16.450 오후   RX        52 00 00 00 00 00 00 00 00 00 00 00 00 00 00 00 00 00 00 00 00 00 00 00 00 00 00 00 00 00 00 00 00 00 00 00 D3 07 8F 00 00 00 00 00 D3 07 8F 00 70 15 44 C4 66
2026-04-21   7:07:16.450 오후   TX        13 2F 02 08 00 08 16 33 CE 2D 00 80 52 82
2026-04-21   7:07:16.703 오후   RX       104 2F 02 FF 00 08 16 33 CE 2D 00 53 03 00 00 00 00 00 70 15 44 00 17 83 9E 00 00 00 00 00 17 83 9E 00 9A CA 2B 00 00 00 00 00 9A CA 2B 00 1C 09 15 00 00 00 00 00 1C 09 15 00 9D 9C 30 00 00 00 00 00 9D 9C 30 00 E9 2A 18 00 00 00 00 00 E9 2A 18 00 9F B4 0B 00 00 00 00 00 9F B4 0B 00 D2 DE 1A 00 00 00 00 00 D2 DE 1A
2026-04-21   7:07:16.809 오후   RX       104 00 4F 12 4B 00 00 00 00 00 4F 12 4B 00 B4 57 23 00 00 00 00 00 B4 57 23 00 A7 07 53 00 00 00 00 00 A7 07 53 00 00 00 00 00 00 00 00 00 00 00 00 00 00 00 00 00 00 00 00 00 00 00 00 00 00 00 00 00 00 00 00 00 00 00 00 00 0E 7B 8B 00 00 00 00 00 0E 7B 8B 00 74 95 42 00 00 00 00 00 74 95 42 00 5B A8 9A 00 00 00 00
2026-04-21   7:07:16.868 오후   RX        52 00 5B A8 9A 00 26 A9 2A 00 00 00 00 00 26 A9 2A 00 05 8D 14 00 00 00 00 00 05 8D 14 00 9F 61 2F 00 00 00 00 00 9F 61 2F 00 00 93 17 00 00 00 00 00 00 7B B0
2026-04-21   7:07:16.868 오후   TX        13 2F 02 08 00 08 16 33 CE 2D 00 80 52 82
2026-04-21   7:07:17.117 오후   RX       104 2F 02 FF 00 08 16 33 CE 2D 00 73 04 93 17 00 B9 73 0B 00 00 00 00 00 B9 73 0B 00 9A 39 1A 00 00 00 00 00 9A 39 1A 00 E7 3E 49 00 00 00 00 00 E7 3E 49 00 B5 94 22 00 00 00 00 00 B5 94 22 00 21 0D 51 00 00 00 00 00 21 0D 51 00 00 00 00 00 00 00 00 00 00 00 00 00 00 00 00 00 00 00 00 00 00 00 00 00 00 00 00 00 00
2026-04-21   7:07:17.221 오후   RX       104 00 00 00 00 00 00 00 28 0B 88 00 00 00 00 00 28 0B 88 00 02 27 41 00 00 00 00 00 02 27 41 00 13 EF 96 00 00 00 00 00 13 EF 96 00 06 96 29 00 00 00 00 00 06 96 29 00 E5 18 14 00 00 00 00 00 E5 18 14 00 F5 36 2E 00 00 00 00 00 F5 36 2E 00 8D F5 16 00 00 00 00 00 8D F5 16 00 DA 30 0B 00 00 00 00 00 DA 30 0B 00 85
2026-04-21   7:07:17.280 오후   RX        52 8E 19 00 00 00 00 00 85 8E 19 00 93 7F 47 00 00 00 00 00 93 7F 47 00 42 DD 21 00 00 00 00 00 42 DD 21 00 98 29 4F 00 00 00 00 00 98 29 4F 00 00 00 00 FC 37
2026-04-21   7:07:17.280 오후   TX        13 2F 02 08 00 08 16 33 CE 2D 00 80 52 82
2026-04-21   7:07:17.426 오후   RX        47 2F 02 2A 00 08 16 33 CE 2D 00 53 85 00 00 00 00 00 00 00 00 00 00 00 00 00 00 00 00 00 00 00 00 00 00 00 00 00 00 00 00 00 00 00 00 00 FA 5B
2026-04-21   7:07:17.426 오후   TX        13 2F 02 08 00 08 16 33 CE 2D 00 80 52 82
2026-04-21   7:07:17.426 오후   TX        17 2F 02 0C 00 08 16 33 CE 2D 00 C4 C0 01 05 2F B5 A7
2026-04-21   7:07:17.747 오후   RX       104 2F 02 FF 00 08 16 33 CE 2D 00 73 40 81 05 2F 2C 01 00 00 00 00 00 00 2C 01 00 00 95 00 00 00 00 00 00 00 95 00 00 00 4E 01 00 00 00 00 00 00 4E 01 00 00 2C 01 00 00 00 00 00 00 2C 01 00 00 95 00 00 00 00 00 00 00 95 00 00 00 4E 01 00 00 00 00 00 00 4E 01 00 00 2B 01 00 00 00 00 00 00 2B 01 00 00 95 00 00 00 00
2026-04-21   7:07:17.858 오후   RX       104 00 00 00 95 00 00 00 4E 01 00 00 00 00 00 00 4E 01 00 00 2B 01 00 00 00 00 00 00 2B 01 00 00 92 00 00 00 00 00 00 00 92 00 00 00 4C 01 00 00 00 00 00 00 4C 01 00 00 00 00 00 00 00 00 00 00 00 00 00 00 00 00 00 00 00 00 00 00 00 00 00 00 00 00 00 00 00 00 00 00 00 00 00 00 C4 00 00 00 00 00 00 00 C4 00 00 00 5E
2026-04-21   7:07:17.916 오후   RX        52 00 00 00 00 00 00 00 5E 00 00 00 DA 00 00 00 00 00 00 00 DA 00 00 00 AE 00 00 00 00 00 00 00 AE 00 00 00 5A 00 00 00 00 00 00 00 5A 00 00 00 C3 00 00 36 A5
2026-04-21   7:07:17.916 오후   TX        13 2F 02 08 00 08 16 33 CE 2D 00 80 52 82
2026-04-21   7:07:18.169 오후   RX       104 2F 02 FF 00 08 16 33 CE 2D 00 53 01 00 00 00 00 00 C3 00 00 00 AC 00 00 00 00 00 00 00 AC 00 00 00 59 00 00 00 00 00 00 00 59 00 00 00 C2 00 00 00 00 00 00 00 C2 00 00 00 C4 00 00 00 00 00 00 00 C4 00 00 00 5E 00 00 00 00 00 00 00 5E 00 00 00 DA 00 00 00 00 00 00 00 DA 00 00 00 00 00 00 00 00 00 00 00 00 00 00
2026-04-21   7:07:18.274 오후   RX       104 00 00 00 00 00 00 00 00 00 00 00 00 00 00 00 00 00 00 00 00 00 00 00 00 00 34 01 00 00 00 00 00 00 34 01 00 00 87 00 00 00 00 00 00 00 87 00 00 00 51 01 00 00 00 00 00 00 51 01 00 00 32 01 00 00 00 00 00 00 32 01 00 00 85 00 00 00 00 00 00 00 85 00 00 00 4D 01 00 00 00 00 00 00 4D 01 00 00 34 01 00 00 00 00 00
2026-04-21   7:07:18.338 오후   RX        52 00 34 01 00 00 87 00 00 00 00 00 00 00 87 00 00 00 51 01 00 00 00 00 00 00 51 01 00 00 32 01 00 00 00 00 00 00 32 01 00 00 81 00 00 00 00 00 00 00 81 0D 7C
2026-04-21   7:07:18.341 오후   TX        13 2F 02 08 00 00 00 00 00 00 00 C0 71 A2
2026-04-21   7:07:18.448 오후   RX        13 2F 02 08 00 08 16 33 CE 2D 00 00 F2 83
2026-04-21   7:07:18.448 오후   TX        29 2F 02 18 00 08 16 33 CE 2D 00 F1 31 32 33 34 35 36 37 38 00 00 00 00 00 00 00 00 DB 67
2026-04-21   7:07:18.594 오후   RX        29 2F 02 18 00 08 16 33 CE 2D 00 00 CE CD CC CB CA C9 C8 C7 EC DC CC BC AC 9C 8C 7C 14 A4
2026-04-21   7:07:18.594 오후   TX        29 2F 02 18 00 08 16 33 CE 2D 00 F1 00 00 00 00 00 00 00 00 CE CD CC CB CA C9 C8 C7 95 8F
2026-04-21   7:07:18.738 오후   RX        29 2F 02 18 00 08 16 33 CE 2D 00 00 FF FF FF FF FF FF FF FF FF FF FF FF FF FF FF FF FE 06
2026-04-21   7:07:18.738 오후   TX        17 2F 02 0C 00 08 16 33 CE 2D 00 C4 C0 01 04 1F 31 A6
2026-04-21   7:07:19.006 오후   RX       104 2F 02 FF 00 08 16 33 CE 2D 00 73 40 81 04 1F 08 03 14 00 0A 00 08 16 33 CE 2D 53 EA 07 04 15 13 07 34 02 E6 07 05 13 0E 29 1E EA 07 04 10 00 00 00 00 00 00 00 00 00 00 00 00 00 00 00 00 00 00 00 00 00 00 00 00 00 00 00 00 00 00 00 00 00 00 00 00 00 00 00 00 00 00 00 00 00 00 00 00 00 00 00 00 00 00 00 00 00 00
2026-04-21   7:07:19.109 오후   RX       104 00 00 00 00 00 00 00 00 00 00 00 00 00 00 00 00 00 00 00 00 00 00 00 00 00 00 00 00 00 00 00 00 00 00 00 00 00 00 00 00 00 00 00 00 00 00 00 00 00 00 00 00 00 00 00 00 00 00 00 00 00 00 00 00 00 00 00 00 00 00 00 00 00 00 00 00 00 00 00 00 00 00 00 00 00 00 00 00 00 00 00 00 00 00 00 00 00 00 00 00 00 00 00 00
2026-04-21   7:07:19.169 오후   RX        52 00 00 00 00 00 00 00 00 00 00 00 00 00 00 00 00 00 00 00 00 00 00 00 00 00 00 00 00 00 00 00 00 00 00 00 00 00 00 00 00 00 00 00 00 00 00 00 00 00 00 65 88
2026-04-21   7:07:19.169 오후   TX        13 2F 02 08 00 08 16 33 CE 2D 00 80 52 82
2026-04-21   7:07:19.394 오후   RX       104 2F 02 77 00 08 16 33 CE 2D 00 53 81 00 00 00 EA 07 04 10 00 00 00 E8 07 06 01 00 00 00 E7 07 05 18 00 00 00 E7 07 01 01 00 00 00 00 00 00 00 00 00 00 00 00 00 00 00 00 00 00 00 00 00 00 00 00 00 00 00 00 00 00 00 00 00 00 00 00 00 00 00 00 00 00 00 00 00 00 00 00 00 00 00 00 00 00 00 00 00 00 00 00 00 00 00 00
2026-04-21   7:07:19.423 오후   RX        20 00 00 00 00 00 00 00 00 00 00 00 00 00 00 00 00 04 00 E4 BB
2026-04-21   7:07:19.423 오후   TX        13 2F 02 08 00 08 16 33 CE 2D 00 80 52 82
2026-04-21   7:07:19.423 오후   TX        17 2F 02 0C 00 08 16 33 CE 2D 00 C4 C0 01 04 2F 25 A6
2026-04-21   7:07:19.718 오후   RX       104 2F 02 FF 00 08 16 33 CE 2D 00 73 40 81 04 2F 02 01 02 00 00 00 00 00 00 00 00 00 00 00 00 00 00 00 00 00 00 00 00 00 00 00 00 00 00 00 00 00 00 00 00 00 00 00 00 00 00 00 00 00 00 00 00 00 00 00 00 00 00 00 00 00 00 00 00 00 00 00 00 00 00 EA 07 04 10 00 00 00 40 EA 07 04 01 00 00 00 01 EA 07 03 01 00 00 00 03
2026-04-21   7:07:19.824 오후   RX       104 EA 07 02 01 00 00 00 01 EA 07 01 01 00 00 00 01 E9 07 0C 01 00 00 00 01 E9 07 0B 01 00 00 00 03 E9 07 0A 01 00 00 00 01 E9 07 09 01 00 00 00 03 E9 07 08 01 00 00 00 01 E9 07 07 01 00 00 00 01 E9 07 06 01 00 00 00 03 E9 07 05 01 00 00 00 01 E9 07 04 01 00 00 00 01 E9 07 03 01 00 00 00 03 31 00 EA 07 04 10 00 00
2026-04-21   7:07:19.884 오후   RX        52 00 40 EA 07 04 01 00 00 00 01 EA 07 03 01 00 00 00 01 EA 07 02 01 00 00 00 01 EA 07 01 01 00 00 00 01 E9 07 0C 01 00 00 00 01 E9 07 0B 01 00 00 00 01 89 50
2026-04-21   7:07:19.884 오후   TX        13 2F 02 08 00 08 16 33 CE 2D 00 80 52 82
2026-04-21   7:07:20.130 오후   RX       104 2F 02 FF 00 08 16 33 CE 2D 00 53 01 E9 07 0A 01 00 00 00 01 E9 07 09 01 00 00 00 01 E9 07 08 01 00 00 00 01 E9 07 07 01 00 00 00 01 E9 07 06 01 00 00 00 01 E9 07 05 01 00 00 00 01 E9 07 04 01 00 00 00 01 E9 07 03 01 00 00 00 01 31 00 00 00 00 00 00 00 00 00 00 00 00 00 00 00 00 00 00 00 00 00 00 00 00 00 00 00
2026-04-21   7:07:20.234 오후   RX       104 00 00 00 00 00 00 00 00 00 00 00 00 00 00 00 00 00 00 00 00 00 00 00 00 00 00 00 00 00 00 00 00 00 00 00 00 00 00 00 00 00 00 00 00 00 00 00 00 00 00 00 00 00 00 00 00 00 00 00 00 00 00 00 00 00 00 00 00 00 00 00 00 00 00 00 00 00 00 00 00 00 00 00 00 00 00 00 00 00 00 00 00 00 00 00 00 00 00 00 00 00 00 00 00
2026-04-21   7:07:20.294 오후   RX        52 00 00 00 00 00 00 00 00 00 00 00 00 00 00 00 00 00 00 00 00 00 00 00 00 00 00 00 00 00 00 00 00 00 00 00 00 00 00 00 00 00 00 00 00 00 00 00 00 00 00 FC 71
2026-04-21   7:07:20.294 오후   TX        13 2F 02 08 00 08 16 33 CE 2D 00 80 52 82
2026-04-21   7:07:20.417 오후   RX        23 2F 02 12 00 08 16 33 CE 2D 00 73 82 00 00 00 00 00 00 00 00 00 C6 39
2026-04-21   7:07:20.417 오후   TX        13 2F 02 08 00 08 16 33 CE 2D 00 80 52 82
2026-04-21   7:07:20.417 오후   TX        17 2F 02 0C 00 08 16 33 CE 2D 00 C4 C0 01 04 7F 19 A6
2026-04-21   7:07:20.713 오후   RX       104 2F 02 A1 00 08 16 33 CE 2D 00 53 C0 81 04 7F 67 00 00 00 00 00 00 00 B5 00 00 00 1C 01 00 00 00 00 00 00 00 00 00 00 00 00 00 00 00 00 00 00 96 00 00 00 00 00 00 00 00 00 00 00 88 00 00 00 00 00 00 00 00 00 00 00 0E 00 00 00 00 00 00 00 B6 00 00 00 00 00 00 00 B5 00 00 00 3B 01 00 00 01 C0 01 00 00 00 00 00 FB
2026-04-21   7:07:20.778 오후   RX        62 C0 01 00 3A 06 00 00 00 00 00 00 2C 06 00 00 01 65 EA 00 00 1A 16 00 00 00 00 00 00 F1 26 00 00 78 0D 00 00 37 00 00 00 00 00 00 00 00 00 00 00 81 01 00 00 00 00 00 00 00 00 00 00 F1 5C
2026-04-21   7:07:20.778 오후   TX        13 2F 02 08 00 08 16 33 CE 2D 00 80 52 82
2026-04-21   7:07:20.778 오후   TX        17 2F 02 0C 00 08 16 33 CE 2D 00 C4 C0 01 05 9F 01 A6
2026-04-21   7:07:21.075 오후   RX       104 2F 02 98 00 08 16 33 CE 2D 00 73 C0 81 05 9F 6D 23 00 00 71 23 00 00 62 23 00 00 6E 23 00 00 00 00 00 00 9B 22 00 00 88 22 00 00 AE 22 00 00 9F 22 00 00 00 00 00 00 D2 23 00 00 BD 23 00 00 A9 23 00 00 EB 23 00 00 00 00 00 00 4F 24 00 00 38 24 00 00 4C 24 00 00 5C 24 00 00 00 00 00 00 FB 23 00 00 E7 23 00 00 EB
2026-04-21   7:07:21.139 오후   RX        53 23 00 00 0D 24 00 00 00 00 00 00 0F 24 00 00 FC 23 00 00 F4 23 00 00 24 24 00 00 00 00 00 00 90 23 00 00 7D 23 00 00 6D 23 00 00 A8 23 00 00 00 00 00 00 E9 D8
2026-04-21   7:07:21.139 오후   TX        13 2F 02 08 00 08 16 33 CE 2D 00 80 52 82
2026-04-21   7:07:21.139 오후   TX        17 2F 02 0C 00 08 16 33 CE 2D 00 C4 C0 01 05 7F 89 A7
2026-04-21   7:07:21.405 오후   RX       104 2F 02 98 00 08 16 33 CE 2D 00 53 C0 81 05 7F 3B 23 00 00 3B 23 00 00 F7 22 00 00 2F 23 00 00 00 00 00 00 34 23 00 00 AE 22 00 00 BA 22 00 00 34 23 00 00 00 00 00 00 C3 23 00 00 02 24 00 00 C3 23 00 00 20 24 00 00 00 00 00 00 C9 23 00 00 C9 23 00 00 D1 23 00 00 03 24 00 00 00 00 00 00 D6 23 00 00 D6 23 00 00 AC
2026-04-21   7:07:21.464 오후   RX        53 23 00 00 AE 23 00 00 00 00 00 00 78 23 00 00 78 23 00 00 84 23 00 00 E4 23 00 00 00 00 00 00 F4 23 00 00 F4 23 00 00 B0 23 00 00 13 24 00 00 00 00 00 00 86 4B
2026-04-21   7:07:21.464 오후   TX        13 2F 02 08 00 08 16 33 CE 2D 00 80 52 82
2026-04-21   7:07:21.464 오후   TX        17 2F 02 0C 00 08 16 33 CE 2D 00 C4 C0 01 05 1F A1 A7
2026-04-21   7:07:21.792 오후   RX       104 2F 02 FF 00 08 16 33 CE 2D 00 73 40 81 05 1F 55 B6 95 00 00 00 00 00 55 B6 95 00 D5 EF 46 00 00 00 00 00 D5 EF 46 00 9B C8 A5 00 00 00 00 00 9B C8 A5 00 26 C4 2D 00 00 00 00 00 26 C4 2D 00 9B E4 15 00 00 00 00 00 9B E4 15 00 3A C4 32 00 00 00 00 00 3A C4 32 00 FF 40 19 00 00 00 00 00 FF 40 19 00 A3 2D 0C 00 00
2026-04-21   7:07:21.904 오후   RX       104 00 00 00 A3 2D 0C 00 60 0E 1C 00 00 00 00 00 60 0E 1C 00 2E B1 4E 00 00 00 00 00 2E B1 4E 00 96 DD 24 00 00 00 00 00 96 DD 24 00 00 F6 56 00 00 00 00 00 00 F6 56 00 00 00 00 00 00 00 00 00 00 00 00 00 00 00 00 00 00 00 00 00 00 00 00 00 00 00 00 00 00 00 00 00 00 00 00 00 E7 21 95 00 00 00 00 00 E7 21 95 00 E4
2026-04-21   7:07:21.957 오후   RX        52 AA 46 00 00 00 00 00 E4 AA 46 00 EB 24 A5 00 00 00 00 00 EB 24 A5 00 53 94 2D 00 00 00 00 00 53 94 2D 00 72 CE 15 00 00 00 00 00 72 CE 15 00 81 8F 32 33 66
2026-04-21   7:07:21.957 오후   TX        13 2F 02 08 00 08 16 33 CE 2D 00 80 52 82
2026-04-21   7:07:22.206 오후   RX       104 2F 02 FF 00 08 16 33 CE 2D 00 53 01 00 00 00 00 00 81 8F 32 00 E1 28 19 00 00 00 00 00 E1 28 19 00 5C 22 0C 00 00 00 00 00 5C 22 0C 00 BE F3 1B 00 00 00 00 00 BE F3 1B 00 B2 64 4E 00 00 00 00 00 B2 64 4E 00 15 BA 24 00 00 00 00 00 15 BA 24 00 AB A1 56 00 00 00 00 00 AB A1 56 00 00 00 00 00 00 00 00 00 00 00 00
2026-04-21   7:07:22.312 오후   RX       104 00 00 00 00 00 00 00 00 00 00 00 00 00 00 00 00 00 00 00 00 00 00 00 00 00 7F A0 94 00 00 00 00 00 7F A0 94 00 22 67 46 00 00 00 00 00 22 67 46 00 95 92 A4 00 00 00 00 00 95 92 A4 00 F9 6A 2D 00 00 00 00 00 F9 6A 2D 00 95 B8 15 00 00 00 00 00 95 B8 15 00 A2 60 32 00 00 00 00 00 A2 60 32 00 44 0E 19 00 00 00 00
2026-04-21   7:07:22.372 오후   RX        52 00 44 0E 19 00 91 14 0C 00 00 00 00 00 91 14 0C 00 B8 D5 1B 00 00 00 00 00 B8 D5 1B 00 41 27 4E 00 00 00 00 00 41 27 4E 00 FB 99 24 00 00 00 00 00 FB B0 7A
2026-04-21   7:07:22.372 오후   TX        13 2F 02 08 00 08 16 33 CE 2D 00 80 52 82
2026-04-21   7:07:22.654 오후   RX       104 2F 02 FF 00 08 16 33 CE 2D 00 73 02 99 24 00 39 5C 56 00 00 00 00 00 39 5C 56 00 00 00 00 00 00 00 00 00 00 00 00 00 00 00 00 00 00 00 00 00 00 00 00 00 00 00 00 00 00 00 00 00 00 00 00 00 0F 03 92 00 00 00 00 00 0F 03 92 00 1F 44 45 00 00 00 00 00 1F 44 45 00 5D B8 A1 00 00 00 00 00 5D B8 A1 00 E1 A5 2C 00 00
2026-04-21   7:07:22.769 오후   RX       104 00 00 00 E1 A5 2C 00 A3 61 15 00 00 00 00 00 A3 61 15 00 24 89 31 00 00 00 00 00 24 89 31 00 FD 9D 18 00 00 00 00 00 FD 9D 18 00 60 E2 0B 00 00 00 00 00 60 E2 0B 00 B1 5A 1B 00 00 00 00 00 B1 5A 1B 00 30 BF 4C 00 00 00 00 00 30 BF 4C 00 1A 00 24 00 00 00 00 00 1A 00 24 00 87 D4 54 00 00 00 00 00 87 D4 54 00 00
2026-04-21   7:07:22.826 오후   RX        52 00 00 00 00 00 00 00 00 00 00 00 00 00 00 00 00 00 00 00 00 00 00 00 00 00 00 00 00 00 00 00 00 00 00 00 D3 07 8F 00 00 00 00 00 D3 07 8F 00 70 15 44 C4 66
2026-04-21   7:07:22.826 오후   TX        13 2F 02 08 00 08 16 33 CE 2D 00 80 52 82
2026-04-21   7:07:23.077 오후   RX       104 2F 02 FF 00 08 16 33 CE 2D 00 53 03 00 00 00 00 00 70 15 44 00 17 83 9E 00 00 00 00 00 17 83 9E 00 9A CA 2B 00 00 00 00 00 9A CA 2B 00 1C 09 15 00 00 00 00 00 1C 09 15 00 9D 9C 30 00 00 00 00 00 9D 9C 30 00 E9 2A 18 00 00 00 00 00 E9 2A 18 00 9F B4 0B 00 00 00 00 00 9F B4 0B 00 D2 DE 1A 00 00 00 00 00 D2 DE 1A
2026-04-21   7:07:23.187 오후   RX       104 00 4F 12 4B 00 00 00 00 00 4F 12 4B 00 B4 57 23 00 00 00 00 00 B4 57 23 00 A7 07 53 00 00 00 00 00 A7 07 53 00 00 00 00 00 00 00 00 00 00 00 00 00 00 00 00 00 00 00 00 00 00 00 00 00 00 00 00 00 00 00 00 00 00 00 00 00 0E 7B 8B 00 00 00 00 00 0E 7B 8B 00 74 95 42 00 00 00 00 00 74 95 42 00 5B A8 9A 00 00 00 00
2026-04-21   7:07:23.239 오후   RX        52 00 5B A8 9A 00 26 A9 2A 00 00 00 00 00 26 A9 2A 00 05 8D 14 00 00 00 00 00 05 8D 14 00 9F 61 2F 00 00 00 00 00 9F 61 2F 00 00 93 17 00 00 00 00 00 00 7B B0
2026-04-21   7:07:23.239 오후   TX        13 2F 02 08 00 08 16 33 CE 2D 00 80 52 82
2026-04-21   7:07:23.489 오후   RX       104 2F 02 FF 00 08 16 33 CE 2D 00 73 04 93 17 00 B9 73 0B 00 00 00 00 00 B9 73 0B 00 9A 39 1A 00 00 00 00 00 9A 39 1A 00 E7 3E 49 00 00 00 00 00 E7 3E 49 00 B5 94 22 00 00 00 00 00 B5 94 22 00 21 0D 51 00 00 00 00 00 21 0D 51 00 00 00 00 00 00 00 00 00 00 00 00 00 00 00 00 00 00 00 00 00 00 00 00 00 00 00 00 00 00
2026-04-21   7:07:23.596 오후   RX       104 00 00 00 00 00 00 00 28 0B 88 00 00 00 00 00 28 0B 88 00 02 27 41 00 00 00 00 00 02 27 41 00 13 EF 96 00 00 00 00 00 13 EF 96 00 06 96 29 00 00 00 00 00 06 96 29 00 E5 18 14 00 00 00 00 00 E5 18 14 00 F5 36 2E 00 00 00 00 00 F5 36 2E 00 8D F5 16 00 00 00 00 00 8D F5 16 00 DA 30 0B 00 00 00 00 00 DA 30 0B 00 85
2026-04-21   7:07:23.654 오후   RX        52 8E 19 00 00 00 00 00 85 8E 19 00 93 7F 47 00 00 00 00 00 93 7F 47 00 42 DD 21 00 00 00 00 00 42 DD 21 00 98 29 4F 00 00 00 00 00 98 29 4F 00 00 00 00 FC 37
2026-04-21   7:07:23.654 오후   TX        13 2F 02 08 00 08 16 33 CE 2D 00 80 52 82
2026-04-21   7:07:23.794 오후   RX        47 2F 02 2A 00 08 16 33 CE 2D 00 53 85 00 00 00 00 00 00 00 00 00 00 00 00 00 00 00 00 00 00 00 00 00 00 00 00 00 00 00 00 00 00 00 00 00 FA 5B
2026-04-21   7:07:23.794 오후   TX        13 2F 02 08 00 08 16 33 CE 2D 00 80 52 82
2026-04-21   7:07:23.794 오후   TX        17 2F 02 0C 00 08 16 33 CE 2D 00 C4 C0 01 05 2F B5 A7
2026-04-21   7:07:24.119 오후   RX       104 2F 02 FF 00 08 16 33 CE 2D 00 73 40 81 05 2F 2C 01 00 00 00 00 00 00 2C 01 00 00 95 00 00 00 00 00 00 00 95 00 00 00 4E 01 00 00 00 00 00 00 4E 01 00 00 2C 01 00 00 00 00 00 00 2C 01 00 00 95 00 00 00 00 00 00 00 95 00 00 00 4E 01 00 00 00 00 00 00 4E 01 00 00 2B 01 00 00 00 00 00 00 2B 01 00 00 95 00 00 00 00
2026-04-21   7:07:24.226 오후   RX       104 00 00 00 95 00 00 00 4E 01 00 00 00 00 00 00 4E 01 00 00 2B 01 00 00 00 00 00 00 2B 01 00 00 92 00 00 00 00 00 00 00 92 00 00 00 4C 01 00 00 00 00 00 00 4C 01 00 00 00 00 00 00 00 00 00 00 00 00 00 00 00 00 00 00 00 00 00 00 00 00 00 00 00 00 00 00 00 00 00 00 00 00 00 00 C4 00 00 00 00 00 00 00 C4 00 00 00 5E
2026-04-21   7:07:24.285 오후   RX        52 00 00 00 00 00 00 00 5E 00 00 00 DA 00 00 00 00 00 00 00 DA 00 00 00 AE 00 00 00 00 00 00 00 AE 00 00 00 5A 00 00 00 00 00 00 00 5A 00 00 00 C3 00 00 36 A5
2026-04-21   7:07:24.285 오후   TX        13 2F 02 08 00 08 16 33 CE 2D 00 80 52 82
2026-04-21   7:07:24.535 오후   RX       104 2F 02 FF 00 08 16 33 CE 2D 00 53 01 00 00 00 00 00 C3 00 00 00 AC 00 00 00 00 00 00 00 AC 00 00 00 59 00 00 00 00 00 00 00 59 00 00 00 C2 00 00 00 00 00 00 00 C2 00 00 00 C4 00 00 00 00 00 00 00 C4 00 00 00 5E 00 00 00 00 00 00 00 5E 00 00 00 DA 00 00 00 00 00 00 00 DA 00 00 00 00 00 00 00 00 00 00 00 00 00 00
2026-04-21   7:07:24.647 오후   RX       104 00 00 00 00 00 00 00 00 00 00 00 00 00 00 00 00 00 00 00 00 00 00 00 00 00 34 01 00 00 00 00 00 00 34 01 00 00 87 00 00 00 00 00 00 00 87 00 00 00 51 01 00 00 00 00 00 00 51 01 00 00 32 01 00 00 00 00 00 00 32 01 00 00 85 00 00 00 00 00 00 00 85 00 00 00 4D 01 00 00 00 00 00 00 4D 01 00 00 34 01 00 00 00 00 00
2026-04-21   7:07:24.700 오후   RX        52 00 34 01 00 00 87 00 00 00 00 00 00 00 87 00 00 00 51 01 00 00 00 00 00 00 51 01 00 00 32 01 00 00 00 00 00 00 32 01 00 00 81 00 00 00 00 00 00 00 81 0D 7C
2026-04-21   7:07:24.711 오후   TX        13 2F 02 08 00 00 00 00 00 00 00 C0 71 A2
2026-04-21   7:07:24.817 오후   RX        13 2F 02 08 00 08 16 33 CE 2D 00 00 F2 83
2026-04-21   7:07:24.817 오후   TX        29 2F 02 18 00 08 16 33 CE 2D 00 F1 31 32 33 34 35 36 37 38 00 00 00 00 00 00 00 00 DB 67
2026-04-21   7:07:24.959 오후   RX        29 2F 02 18 00 08 16 33 CE 2D 00 00 CE CD CC CB CA C9 C8 C7 EC DC CC BC AC 9C 8C 7C 14 A4
2026-04-21   7:07:24.959 오후   TX        29 2F 02 18 00 08 16 33 CE 2D 00 F1 00 00 00 00 00 00 00 00 CE CD CC CB CA C9 C8 C7 95 8F
2026-04-21   7:07:25.103 오후   RX        29 2F 02 18 00 08 16 33 CE 2D 00 00 FF FF FF FF FF FF FF FF FF FF FF FF FF FF FF FF FE 06
2026-04-21   7:07:25.103 오후   TX        17 2F 02 0C 00 08 16 33 CE 2D 00 C4 C0 01 04 1F 31 A6
2026-04-21   7:07:25.374 오후   RX       104 2F 02 FF 00 08 16 33 CE 2D 00 73 40 81 04 1F 08 03 14 00 0A 00 08 16 33 CE 2D 53 EA 07 04 15 13 07 3B 02 E6 07 05 13 0E 29 1E EA 07 04 10 00 00 00 00 00 00 00 00 00 00 00 00 00 00 00 00 00 00 00 00 00 00 00 00 00 00 00 00 00 00 00 00 00 00 00 00 00 00 00 00 00 00 00 00 00 00 00 00 00 00 00 00 00 00 00 00 00 00
2026-04-21   7:07:25.481 오후   RX       104 00 00 00 00 00 00 00 00 00 00 00 00 00 00 00 00 00 00 00 00 00 00 00 00 00 00 00 00 00 00 00 00 00 00 00 00 00 00 00 00 00 00 00 00 00 00 00 00 00 00 00 00 00 00 00 00 00 00 00 00 00 00 00 00 00 00 00 00 00 00 00 00 00 00 00 00 00 00 00 00 00 00 00 00 00 00 00 00 00 00 00 00 00 00 00 00 00 00 00 00 00 00 00 00
2026-04-21   7:07:25.539 오후   RX        52 00 00 00 00 00 00 00 00 00 00 00 00 00 00 00 00 00 00 00 00 00 00 00 00 00 00 00 00 00 00 00 00 00 00 00 00 00 00 00 00 00 00 00 00 00 00 00 00 00 00 FC 1B
2026-04-21   7:07:25.539 오후   TX        13 2F 02 08 00 08 16 33 CE 2D 00 80 52 82
2026-04-21   7:07:25.768 오후   RX       104 2F 02 77 00 08 16 33 CE 2D 00 53 81 00 00 00 EA 07 04 10 00 00 00 E8 07 06 01 00 00 00 E7 07 05 18 00 00 00 E7 07 01 01 00 00 00 00 00 00 00 00 00 00 00 00 00 00 00 00 00 00 00 00 00 00 00 00 00 00 00 00 00 00 00 00 00 00 00 00 00 00 00 00 00 00 00 00 00 00 00 00 00 00 00 00 00 00 00 00 00 00 00 00 00 00 00 00
2026-04-21   7:07:25.792 오후   RX        20 00 00 00 00 00 00 00 00 00 00 00 00 00 00 00 00 04 00 E4 BB
2026-04-21   7:07:25.792 오후   TX        13 2F 02 08 00 08 16 33 CE 2D 00 80 52 82
2026-04-21   7:07:25.792 오후   TX        17 2F 02 0C 00 08 16 33 CE 2D 00 C4 C0 01 04 2F 25 A6
2026-04-21   7:07:26.084 오후   RX       104 2F 02 FF 00 08 16 33 CE 2D 00 73 40 81 04 2F 02 01 02 00 00 00 00 00 00 00 00 00 00 00 00 00 00 00 00 00 00 00 00 00 00 00 00 00 00 00 00 00 00 00 00 00 00 00 00 00 00 00 00 00 00 00 00 00 00 00 00 00 00 00 00 00 00 00 00 00 00 00 00 00 00 EA 07 04 10 00 00 00 40 EA 07 04 01 00 00 00 01 EA 07 03 01 00 00 00 03
2026-04-21   7:07:26.190 오후   RX       104 EA 07 02 01 00 00 00 01 EA 07 01 01 00 00 00 01 E9 07 0C 01 00 00 00 01 E9 07 0B 01 00 00 00 03 E9 07 0A 01 00 00 00 01 E9 07 09 01 00 00 00 03 E9 07 08 01 00 00 00 01 E9 07 07 01 00 00 00 01 E9 07 06 01 00 00 00 03 E9 07 05 01 00 00 00 01 E9 07 04 01 00 00 00 01 E9 07 03 01 00 00 00 03 31 00 EA 07 04 10 00 00
2026-04-21   7:07:26.254 오후   RX        52 00 40 EA 07 04 01 00 00 00 01 EA 07 03 01 00 00 00 01 EA 07 02 01 00 00 00 01 EA 07 01 01 00 00 00 01 E9 07 0C 01 00 00 00 01 E9 07 0B 01 00 00 00 01 89 50
2026-04-21   7:07:26.254 오후   TX        13 2F 02 08 00 08 16 33 CE 2D 00 80 52 82
2026-04-21   7:07:26.501 오후   RX       104 2F 02 FF 00 08 16 33 CE 2D 00 53 01 E9 07 0A 01 00 00 00 01 E9 07 09 01 00 00 00 01 E9 07 08 01 00 00 00 01 E9 07 07 01 00 00 00 01 E9 07 06 01 00 00 00 01 E9 07 05 01 00 00 00 01 E9 07 04 01 00 00 00 01 E9 07 03 01 00 00 00 01 31 00 00 00 00 00 00 00 00 00 00 00 00 00 00 00 00 00 00 00 00 00 00 00 00 00 00 00
2026-04-21   7:07:26.611 오후   RX       104 00 00 00 00 00 00 00 00 00 00 00 00 00 00 00 00 00 00 00 00 00 00 00 00 00 00 00 00 00 00 00 00 00 00 00 00 00 00 00 00 00 00 00 00 00 00 00 00 00 00 00 00 00 00 00 00 00 00 00 00 00 00 00 00 00 00 00 00 00 00 00 00 00 00 00 00 00 00 00 00 00 00 00 00 00 00 00 00 00 00 00 00 00 00 00 00 00 00 00 00 00 00 00 00
2026-04-21   7:07:26.670 오후   RX        52 00 00 00 00 00 00 00 00 00 00 00 00 00 00 00 00 00 00 00 00 00 00 00 00 00 00 00 00 00 00 00 00 00 00 00 00 00 00 00 00 00 00 00 00 00 00 00 00 00 00 FC 71
2026-04-21   7:07:26.670 오후   TX        13 2F 02 08 00 08 16 33 CE 2D 00 80 52 82
2026-04-21   7:07:26.794 오후   RX        23 2F 02 12 00 08 16 33 CE 2D 00 73 82 00 00 00 00 00 00 00 00 00 C6 39
2026-04-21   7:07:26.794 오후   TX        13 2F 02 08 00 08 16 33 CE 2D 00 80 52 82
2026-04-21   7:07:26.794 오후   TX        17 2F 02 0C 00 08 16 33 CE 2D 00 C4 C0 01 04 7F 19 A6
2026-04-21   7:07:27.086 오후   RX       104 2F 02 A1 00 08 16 33 CE 2D 00 53 C0 81 04 7F 67 00 00 00 00 00 00 00 B4 00 00 00 1C 01 00 00 00 00 00 00 00 00 00 00 00 00 00 00 00 00 00 00 96 00 00 00 00 00 00 00 00 00 00 00 88 00 00 00 00 00 00 00 00 00 00 00 0E 00 00 00 00 00 00 00 B6 00 00 00 00 00 00 00 B5 00 00 00 3B 01 00 00 63 C0 01 00 00 00 00 00 45
2026-04-21   7:07:27.154 오후   RX        62 C1 01 00 39 06 00 00 00 00 00 00 2B 06 00 00 01 59 EA 00 00 14 16 00 00 00 00 00 00 F2 26 00 00 8C 0D 00 00 37 00 00 00 00 00 00 00 64 01 00 00 65 01 00 00 00 00 00 00 55 01 00 00 1C 57
2026-04-21   7:07:27.154 오후   TX        13 2F 02 08 00 08 16 33 CE 2D 00 80 52 82
2026-04-21   7:07:27.154 오후   TX        17 2F 02 0C 00 08 16 33 CE 2D 00 C4 C0 01 05 9F 01 A6
2026-04-21   7:07:27.448 오후   RX       104 2F 02 98 00 08 16 33 CE 2D 00 73 C0 81 05 9F 6D 23 00 00 71 23 00 00 62 23 00 00 6E 23 00 00 00 00 00 00 9B 22 00 00 88 22 00 00 AE 22 00 00 9F 22 00 00 00 00 00 00 D2 23 00 00 BD 23 00 00 A9 23 00 00 EB 23 00 00 00 00 00 00 4F 24 00 00 38 24 00 00 4C 24 00 00 5C 24 00 00 00 00 00 00 FB 23 00 00 E7 23 00 00 EB
2026-04-21   7:07:27.507 오후   RX        53 23 00 00 0D 24 00 00 00 00 00 00 0F 24 00 00 FC 23 00 00 F4 23 00 00 24 24 00 00 00 00 00 00 90 23 00 00 7D 23 00 00 6D 23 00 00 A8 23 00 00 00 00 00 00 E9 D8
2026-04-21   7:07:27.507 오후   TX        13 2F 02 08 00 08 16 33 CE 2D 00 80 52 82
2026-04-21   7:07:27.507 오후   TX        17 2F 02 0C 00 08 16 33 CE 2D 00 C4 C0 01 05 7F 89 A7
2026-04-21   7:07:27.770 오후   RX       104 2F 02 98 00 08 16 33 CE 2D 00 53 C0 81 05 7F 3B 23 00 00 3B 23 00 00 F7 22 00 00 2F 23 00 00 00 00 00 00 34 23 00 00 AE 22 00 00 BA 22 00 00 34 23 00 00 00 00 00 00 C3 23 00 00 02 24 00 00 C3 23 00 00 20 24 00 00 00 00 00 00 C9 23 00 00 C9 23 00 00 D1 23 00 00 03 24 00 00 00 00 00 00 D6 23 00 00 D6 23 00 00 AC
2026-04-21   7:07:27.828 오후   RX        53 23 00 00 AE 23 00 00 00 00 00 00 78 23 00 00 78 23 00 00 84 23 00 00 E4 23 00 00 00 00 00 00 F4 23 00 00 F4 23 00 00 B0 23 00 00 13 24 00 00 00 00 00 00 86 4B
2026-04-21   7:07:27.828 오후   TX        13 2F 02 08 00 08 16 33 CE 2D 00 80 52 82
2026-04-21   7:07:27.828 오후   TX        17 2F 02 0C 00 08 16 33 CE 2D 00 C4 C0 01 05 1F A1 A7
2026-04-21   7:07:28.151 오후   RX       104 2F 02 FF 00 08 16 33 CE 2D 00 73 40 81 05 1F 55 B6 95 00 00 00 00 00 55 B6 95 00 D5 EF 46 00 00 00 00 00 D5 EF 46 00 9B C8 A5 00 00 00 00 00 9B C8 A5 00 26 C4 2D 00 00 00 00 00 26 C4 2D 00 9B E4 15 00 00 00 00 00 9B E4 15 00 3A C4 32 00 00 00 00 00 3A C4 32 00 00 41 19 00 00 00 00 00 00 41 19 00 A3 2D 0C 00 00
2026-04-21   7:07:28.258 오후   RX       104 00 00 00 A3 2D 0C 00 60 0E 1C 00 00 00 00 00 60 0E 1C 00 2E B1 4E 00 00 00 00 00 2E B1 4E 00 96 DD 24 00 00 00 00 00 96 DD 24 00 00 F6 56 00 00 00 00 00 00 F6 56 00 00 00 00 00 00 00 00 00 00 00 00 00 00 00 00 00 00 00 00 00 00 00 00 00 00 00 00 00 00 00 00 00 00 00 00 00 E7 21 95 00 00 00 00 00 E7 21 95 00 E4
2026-04-21   7:07:28.322 오후   RX        52 AA 46 00 00 00 00 00 E4 AA 46 00 EB 24 A5 00 00 00 00 00 EB 24 A5 00 53 94 2D 00 00 00 00 00 53 94 2D 00 72 CE 15 00 00 00 00 00 72 CE 15 00 81 8F 32 90 42
2026-04-21   7:07:28.322 오후   TX        13 2F 02 08 00 08 16 33 CE 2D 00 80 52 82
2026-04-21   7:07:28.572 오후   RX       104 2F 02 FF 00 08 16 33 CE 2D 00 53 01 00 00 00 00 00 81 8F 32 00 E1 28 19 00 00 00 00 00 E1 28 19 00 5C 22 0C 00 00 00 00 00 5C 22 0C 00 BE F3 1B 00 00 00 00 00 BE F3 1B 00 B2 64 4E 00 00 00 00 00 B2 64 4E 00 15 BA 24 00 00 00 00 00 15 BA 24 00 AB A1 56 00 00 00 00 00 AB A1 56 00 00 00 00 00 00 00 00 00 00 00 00
2026-04-21   7:07:28.684 오후   RX       104 00 00 00 00 00 00 00 00 00 00 00 00 00 00 00 00 00 00 00 00 00 00 00 00 00 7F A0 94 00 00 00 00 00 7F A0 94 00 22 67 46 00 00 00 00 00 22 67 46 00 95 92 A4 00 00 00 00 00 95 92 A4 00 F9 6A 2D 00 00 00 00 00 F9 6A 2D 00 95 B8 15 00 00 00 00 00 95 B8 15 00 A2 60 32 00 00 00 00 00 A2 60 32 00 44 0E 19 00 00 00 00
2026-04-21   7:07:28.736 오후   RX        52 00 44 0E 19 00 91 14 0C 00 00 00 00 00 91 14 0C 00 B8 D5 1B 00 00 00 00 00 B8 D5 1B 00 41 27 4E 00 00 00 00 00 41 27 4E 00 FB 99 24 00 00 00 00 00 FB B0 7A
2026-04-21   7:07:28.736 오후   TX        13 2F 02 08 00 08 16 33 CE 2D 00 80 52 82
2026-04-21   7:07:29.023 오후   RX       104 2F 02 FF 00 08 16 33 CE 2D 00 73 02 99 24 00 39 5C 56 00 00 00 00 00 39 5C 56 00 00 00 00 00 00 00 00 00 00 00 00 00 00 00 00 00 00 00 00 00 00 00 00 00 00 00 00 00 00 00 00 00 00 00 00 00 0F 03 92 00 00 00 00 00 0F 03 92 00 1F 44 45 00 00 00 00 00 1F 44 45 00 5D B8 A1 00 00 00 00 00 5D B8 A1 00 E1 A5 2C 00 00
2026-04-21   7:07:29.133 오후   RX       104 00 00 00 E1 A5 2C 00 A3 61 15 00 00 00 00 00 A3 61 15 00 24 89 31 00 00 00 00 00 24 89 31 00 FD 9D 18 00 00 00 00 00 FD 9D 18 00 60 E2 0B 00 00 00 00 00 60 E2 0B 00 B1 5A 1B 00 00 00 00 00 B1 5A 1B 00 30 BF 4C 00 00 00 00 00 30 BF 4C 00 1A 00 24 00 00 00 00 00 1A 00 24 00 87 D4 54 00 00 00 00 00 87 D4 54 00 00
2026-04-21   7:07:29.192 오후   RX        52 00 00 00 00 00 00 00 00 00 00 00 00 00 00 00 00 00 00 00 00 00 00 00 00 00 00 00 00 00 00 00 00 00 00 00 D3 07 8F 00 00 00 00 00 D3 07 8F 00 70 15 44 C4 66
2026-04-21   7:07:29.192 오후   TX        13 2F 02 08 00 08 16 33 CE 2D 00 80 52 82
2026-04-21   7:07:29.440 오후   RX       104 2F 02 FF 00 08 16 33 CE 2D 00 53 03 00 00 00 00 00 70 15 44 00 17 83 9E 00 00 00 00 00 17 83 9E 00 9A CA 2B 00 00 00 00 00 9A CA 2B 00 1C 09 15 00 00 00 00 00 1C 09 15 00 9D 9C 30 00 00 00 00 00 9D 9C 30 00 E9 2A 18 00 00 00 00 00 E9 2A 18 00 9F B4 0B 00 00 00 00 00 9F B4 0B 00 D2 DE 1A 00 00 00 00 00 D2 DE 1A
2026-04-21   7:07:29.551 오후   RX       104 00 4F 12 4B 00 00 00 00 00 4F 12 4B 00 B4 57 23 00 00 00 00 00 B4 57 23 00 A7 07 53 00 00 00 00 00 A7 07 53 00 00 00 00 00 00 00 00 00 00 00 00 00 00 00 00 00 00 00 00 00 00 00 00 00 00 00 00 00 00 00 00 00 00 00 00 00 0E 7B 8B 00 00 00 00 00 0E 7B 8B 00 74 95 42 00 00 00 00 00 74 95 42 00 5B A8 9A 00 00 00 00
2026-04-21   7:07:29.610 오후   RX        52 00 5B A8 9A 00 26 A9 2A 00 00 00 00 00 26 A9 2A 00 05 8D 14 00 00 00 00 00 05 8D 14 00 9F 61 2F 00 00 00 00 00 9F 61 2F 00 00 93 17 00 00 00 00 00 00 7B B0
2026-04-21   7:07:29.610 오후   TX        13 2F 02 08 00 08 16 33 CE 2D 00 80 52 82
2026-04-21   7:07:29.858 오후   RX       104 2F 02 FF 00 08 16 33 CE 2D 00 73 04 93 17 00 B9 73 0B 00 00 00 00 00 B9 73 0B 00 9A 39 1A 00 00 00 00 00 9A 39 1A 00 E7 3E 49 00 00 00 00 00 E7 3E 49 00 B5 94 22 00 00 00 00 00 B5 94 22 00 21 0D 51 00 00 00 00 00 21 0D 51 00 00 00 00 00 00 00 00 00 00 00 00 00 00 00 00 00 00 00 00 00 00 00 00 00 00 00 00 00 00
2026-04-21   7:07:29.964 오후   RX       104 00 00 00 00 00 00 00 28 0B 88 00 00 00 00 00 28 0B 88 00 02 27 41 00 00 00 00 00 02 27 41 00 13 EF 96 00 00 00 00 00 13 EF 96 00 06 96 29 00 00 00 00 00 06 96 29 00 E5 18 14 00 00 00 00 00 E5 18 14 00 F5 36 2E 00 00 00 00 00 F5 36 2E 00 8D F5 16 00 00 00 00 00 8D F5 16 00 DA 30 0B 00 00 00 00 00 DA 30 0B 00 85
2026-04-21   7:07:30.028 오후   RX        52 8E 19 00 00 00 00 00 85 8E 19 00 93 7F 47 00 00 00 00 00 93 7F 47 00 42 DD 21 00 00 00 00 00 42 DD 21 00 98 29 4F 00 00 00 00 00 98 29 4F 00 00 00 00 FC 37
2026-04-21   7:07:30.028 오후   TX        13 2F 02 08 00 08 16 33 CE 2D 00 80 52 82
2026-04-21   7:07:30.177 오후   RX        47 2F 02 2A 00 08 16 33 CE 2D 00 53 85 00 00 00 00 00 00 00 00 00 00 00 00 00 00 00 00 00 00 00 00 00 00 00 00 00 00 00 00 00 00 00 00 00 FA 5B
2026-04-21   7:07:30.177 오후   TX        13 2F 02 08 00 08 16 33 CE 2D 00 80 52 82
2026-04-21   7:07:30.177 오후   TX        17 2F 02 0C 00 08 16 33 CE 2D 00 C4 C0 01 05 2F B5 A7
2026-04-21   7:07:30.495 오후   RX       104 2F 02 FF 00 08 16 33 CE 2D 00 73 40 81 05 2F 2C 01 00 00 00 00 00 00 2C 01 00 00 95 00 00 00 00 00 00 00 95 00 00 00 4E 01 00 00 00 00 00 00 4E 01 00 00 2C 01 00 00 00 00 00 00 2C 01 00 00 95 00 00 00 00 00 00 00 95 00 00 00 4E 01 00 00 00 00 00 00 4E 01 00 00 2B 01 00 00 00 00 00 00 2B 01 00 00 95 00 00 00 00
2026-04-21   7:07:30.608 오후   RX       104 00 00 00 95 00 00 00 4E 01 00 00 00 00 00 00 4E 01 00 00 2B 01 00 00 00 00 00 00 2B 01 00 00 92 00 00 00 00 00 00 00 92 00 00 00 4C 01 00 00 00 00 00 00 4C 01 00 00 00 00 00 00 00 00 00 00 00 00 00 00 00 00 00 00 00 00 00 00 00 00 00 00 00 00 00 00 00 00 00 00 00 00 00 00 C4 00 00 00 00 00 00 00 C4 00 00 00 5E
2026-04-21   7:07:30.666 오후   RX        52 00 00 00 00 00 00 00 5E 00 00 00 DA 00 00 00 00 00 00 00 DA 00 00 00 AE 00 00 00 00 00 00 00 AE 00 00 00 5A 00 00 00 00 00 00 00 5A 00 00 00 C3 00 00 36 A5
2026-04-21   7:07:30.666 오후   TX        13 2F 02 08 00 08 16 33 CE 2D 00 80 52 82
2026-04-21   7:07:30.917 오후   RX       104 2F 02 FF 00 08 16 33 CE 2D 00 53 01 00 00 00 00 00 C3 00 00 00 AC 00 00 00 00 00 00 00 AC 00 00 00 59 00 00 00 00 00 00 00 59 00 00 00 C2 00 00 00 00 00 00 00 C2 00 00 00 C4 00 00 00 00 00 00 00 C4 00 00 00 5E 00 00 00 00 00 00 00 5E 00 00 00 DA 00 00 00 00 00 00 00 DA 00 00 00 00 00 00 00 00 00 00 00 00 00 00
2026-04-21   7:07:31.024 오후   RX       104 00 00 00 00 00 00 00 00 00 00 00 00 00 00 00 00 00 00 00 00 00 00 00 00 00 34 01 00 00 00 00 00 00 34 01 00 00 87 00 00 00 00 00 00 00 87 00 00 00 51 01 00 00 00 00 00 00 51 01 00 00 32 01 00 00 00 00 00 00 32 01 00 00 85 00 00 00 00 00 00 00 85 00 00 00 4D 01 00 00 00 00 00 00 4D 01 00 00 34 01 00 00 00 00 00
2026-04-21   7:07:31.082 오후   RX        52 00 34 01 00 00 87 00 00 00 00 00 00 00 87 00 00 00 51 01 00 00 00 00 00 00 51 01 00 00 32 01 00 00 00 00 00 00 32 01 00 00 81 00 00 00 00 00 00 00 81 0D 7C
2026-04-21   7:07:31.093 오후   TX        13 2F 02 08 00 00 00 00 00 00 00 C0 71 A2
2026-04-21   7:07:31.200 오후   RX        13 2F 02 08 00 08 16 33 CE 2D 00 00 F2 83
2026-04-21   7:07:31.200 오후   TX        29 2F 02 18 00 08 16 33 CE 2D 00 F1 31 32 33 34 35 36 37 38 00 00 00 00 00 00 00 00 DB 67
2026-04-21   7:07:31.340 오후   RX        29 2F 02 18 00 08 16 33 CE 2D 00 00 CE CD CC CB CA C9 C8 C7 EC DC CC BC AC 9C 8C 7C 14 A4
2026-04-21   7:07:31.340 오후   TX        29 2F 02 18 00 08 16 33 CE 2D 00 F1 00 00 00 00 00 00 00 00 CE CD CC CB CA C9 C8 C7 95 8F
2026-04-21   7:07:31.481 오후   RX        29 2F 02 18 00 08 16 33 CE 2D 00 00 FF FF FF FF FF FF FF FF FF FF FF FF FF FF FF FF FE 06
2026-04-21   7:07:31.481 오후   TX        17 2F 02 0C 00 08 16 33 CE 2D 00 C4 C0 01 04 1F 31 A6
2026-04-21   7:07:31.753 오후   RX       104 2F 02 FF 00 08 16 33 CE 2D 00 73 40 81 04 1F 08 03 14 00 0A 00 08 16 33 CE 2D 53 EA 07 04 15 13 08 05 02 E6 07 05 13 0E 29 1E EA 07 04 10 00 00 00 00 00 00 00 00 00 00 00 00 00 00 00 00 00 00 00 00 00 00 00 00 00 00 00 00 00 00 00 00 00 00 00 00 00 00 00 00 00 00 00 00 00 00 00 00 00 00 00 00 00 00 00 00 00 00
2026-04-21   7:07:31.854 오후   RX       104 00 00 00 00 00 00 00 00 00 00 00 00 00 00 00 00 00 00 00 00 00 00 00 00 00 00 00 00 00 00 00 00 00 00 00 00 00 00 00 00 00 00 00 00 00 00 00 00 00 00 00 00 00 00 00 00 00 00 00 00 00 00 00 00 00 00 00 00 00 00 00 00 00 00 00 00 00 00 00 00 00 00 00 00 00 00 00 00 00 00 00 00 00 00 00 00 00 00 00 00 00 00 00 00
2026-04-21   7:07:31.918 오후   RX        52 00 00 00 00 00 00 00 00 00 00 00 00 00 00 00 00 00 00 00 00 00 00 00 00 00 00 00 00 00 00 00 00 00 00 00 00 00 00 00 00 00 00 00 00 00 00 00 00 00 00 01 BD
2026-04-21   7:07:31.918 오후   TX        13 2F 02 08 00 08 16 33 CE 2D 00 80 52 82
2026-04-21   7:07:32.139 오후   RX       104 2F 02 77 00 08 16 33 CE 2D 00 53 81 00 00 00 EA 07 04 10 00 00 00 E8 07 06 01 00 00 00 E7 07 05 18 00 00 00 E7 07 01 01 00 00 00 00 00 00 00 00 00 00 00 00 00 00 00 00 00 00 00 00 00 00 00 00 00 00 00 00 00 00 00 00 00 00 00 00 00 00 00 00 00 00 00 00 00 00 00 00 00 00 00 00 00 00 00 00 00 00 00 00 00 00 00 00
2026-04-21   7:07:32.163 오후   RX        20 00 00 00 00 00 00 00 00 00 00 00 00 00 00 00 00 04 00 E4 BB
2026-04-21   7:07:32.163 오후   TX        13 2F 02 08 00 08 16 33 CE 2D 00 80 52 82
2026-04-21   7:07:32.163 오후   TX        17 2F 02 0C 00 08 16 33 CE 2D 00 C4 C0 01 04 2F 25 A6
2026-04-21   7:07:32.459 오후   RX       104 2F 02 FF 00 08 16 33 CE 2D 00 73 40 81 04 2F 02 01 02 00 00 00 00 00 00 00 00 00 00 00 00 00 00 00 00 00 00 00 00 00 00 00 00 00 00 00 00 00 00 00 00 00 00 00 00 00 00 00 00 00 00 00 00 00 00 00 00 00 00 00 00 00 00 00 00 00 00 00 00 00 00 EA 07 04 10 00 00 00 40 EA 07 04 01 00 00 00 01 EA 07 03 01 00 00 00 03
2026-04-21   7:07:32.560 오후   RX       104 EA 07 02 01 00 00 00 01 EA 07 01 01 00 00 00 01 E9 07 0C 01 00 00 00 01 E9 07 0B 01 00 00 00 03 E9 07 0A 01 00 00 00 01 E9 07 09 01 00 00 00 03 E9 07 08 01 00 00 00 01 E9 07 07 01 00 00 00 01 E9 07 06 01 00 00 00 03 E9 07 05 01 00 00 00 01 E9 07 04 01 00 00 00 01 E9 07 03 01 00 00 00 03 31 00 EA 07 04 10 00 00
2026-04-21   7:07:32.619 오후   RX        52 00 40 EA 07 04 01 00 00 00 01 EA 07 03 01 00 00 00 01 EA 07 02 01 00 00 00 01 EA 07 01 01 00 00 00 01 E9 07 0C 01 00 00 00 01 E9 07 0B 01 00 00 00 01 89 50
2026-04-21   7:07:32.619 오후   TX        13 2F 02 08 00 08 16 33 CE 2D 00 80 52 82
2026-04-21   7:07:32.866 오후   RX       104 2F 02 FF 00 08 16 33 CE 2D 00 53 01 E9 07 0A 01 00 00 00 01 E9 07 09 01 00 00 00 01 E9 07 08 01 00 00 00 01 E9 07 07 01 00 00 00 01 E9 07 06 01 00 00 00 01 E9 07 05 01 00 00 00 01 E9 07 04 01 00 00 00 01 E9 07 03 01 00 00 00 01 31 00 00 00 00 00 00 00 00 00 00 00 00 00 00 00 00 00 00 00 00 00 00 00 00 00 00 00
2026-04-21   7:07:32.978 오후   RX       104 00 00 00 00 00 00 00 00 00 00 00 00 00 00 00 00 00 00 00 00 00 00 00 00 00 00 00 00 00 00 00 00 00 00 00 00 00 00 00 00 00 00 00 00 00 00 00 00 00 00 00 00 00 00 00 00 00 00 00 00 00 00 00 00 00 00 00 00 00 00 00 00 00 00 00 00 00 00 00 00 00 00 00 00 00 00 00 00 00 00 00 00 00 00 00 00 00 00 00 00 00 00 00 00
2026-04-21   7:07:33.034 오후   RX        52 00 00 00 00 00 00 00 00 00 00 00 00 00 00 00 00 00 00 00 00 00 00 00 00 00 00 00 00 00 00 00 00 00 00 00 00 00 00 00 00 00 00 00 00 00 00 00 00 00 00 FC 71
2026-04-21   7:07:33.034 오후   TX        13 2F 02 08 00 08 16 33 CE 2D 00 80 52 82
2026-04-21   7:07:33.152 오후   RX        23 2F 02 12 00 08 16 33 CE 2D 00 73 82 00 00 00 00 00 00 00 00 00 C6 39
2026-04-21   7:07:33.152 오후   TX        13 2F 02 08 00 08 16 33 CE 2D 00 80 52 82
2026-04-21   7:07:33.152 오후   TX        17 2F 02 0C 00 08 16 33 CE 2D 00 C4 C0 01 04 7F 19 A6
2026-04-21   7:07:33.440 오후   RX       104 2F 02 A1 00 08 16 33 CE 2D 00 53 C0 81 04 7F 67 00 00 00 00 00 00 00 B4 00 00 00 1C 01 00 00 00 00 00 00 00 00 00 00 00 00 00 00 00 00 00 00 96 00 00 00 00 00 00 00 00 00 00 00 88 00 00 00 00 00 00 00 00 00 00 00 0E 00 00 00 00 00 00 00 B6 00 00 00 00 00 00 00 B5 00 00 00 3B 01 00 00 16 C0 01 00 00 00 00 00 FF
2026-04-21   7:07:33.509 오후   RX        62 C0 01 00 39 06 00 00 00 00 00 00 2B 06 00 00 01 4C EA 00 00 1B 16 00 00 00 00 00 00 F1 26 00 00 82 0D 00 00 37 00 00 00 00 00 00 00 64 01 00 00 55 01 00 00 00 00 00 00 63 01 00 00 BD 4F
2026-04-21   7:07:33.509 오후   TX        13 2F 02 08 00 08 16 33 CE 2D 00 80 52 82
2026-04-21   7:07:33.509 오후   TX        17 2F 02 0C 00 08 16 33 CE 2D 00 C4 C0 01 05 9F 01 A6
2026-04-21   7:07:33.802 오후   RX       104 2F 02 98 00 08 16 33 CE 2D 00 73 C0 81 05 9F 6D 23 00 00 71 23 00 00 62 23 00 00 6E 23 00 00 00 00 00 00 9B 22 00 00 88 22 00 00 AE 22 00 00 9F 22 00 00 00 00 00 00 D2 23 00 00 BD 23 00 00 A9 23 00 00 EB 23 00 00 00 00 00 00 4F 24 00 00 38 24 00 00 4C 24 00 00 5C 24 00 00 00 00 00 00 FB 23 00 00 E7 23 00 00 EB
2026-04-21   7:07:33.860 오후   RX        53 23 00 00 0D 24 00 00 00 00 00 00 0F 24 00 00 FC 23 00 00 F4 23 00 00 24 24 00 00 00 00 00 00 90 23 00 00 7D 23 00 00 6D 23 00 00 A8 23 00 00 00 00 00 00 E9 D8
2026-04-21   7:07:33.860 오후   TX        13 2F 02 08 00 08 16 33 CE 2D 00 80 52 82
2026-04-21   7:07:33.860 오후   TX        17 2F 02 0C 00 08 16 33 CE 2D 00 C4 C0 01 05 7F 89 A7
2026-04-21   7:07:34.130 오후   RX       104 2F 02 98 00 08 16 33 CE 2D 00 53 C0 81 05 7F 3B 23 00 00 3B 23 00 00 F7 22 00 00 2F 23 00 00 00 00 00 00 34 23 00 00 AE 22 00 00 BA 22 00 00 34 23 00 00 00 00 00 00 C3 23 00 00 02 24 00 00 C3 23 00 00 20 24 00 00 00 00 00 00 C9 23 00 00 C9 23 00 00 D1 23 00 00 03 24 00 00 00 00 00 00 D6 23 00 00 D6 23 00 00 AC
2026-04-21   7:07:34.190 오후   RX        53 23 00 00 AE 23 00 00 00 00 00 00 78 23 00 00 78 23 00 00 84 23 00 00 E4 23 00 00 00 00 00 00 F4 23 00 00 F4 23 00 00 B0 23 00 00 13 24 00 00 00 00 00 00 86 4B
2026-04-21   7:07:34.190 오후   TX        13 2F 02 08 00 08 16 33 CE 2D 00 80 52 82
2026-04-21   7:07:34.190 오후   TX        17 2F 02 0C 00 08 16 33 CE 2D 00 C4 C0 01 05 1F A1 A7
2026-04-21   7:07:34.517 오후   RX       104 2F 02 FF 00 08 16 33 CE 2D 00 73 40 81 05 1F 56 B6 95 00 00 00 00 00 56 B6 95 00 D5 EF 46 00 00 00 00 00 D5 EF 46 00 9C C8 A5 00 00 00 00 00 9C C8 A5 00 26 C4 2D 00 00 00 00 00 26 C4 2D 00 9B E4 15 00 00 00 00 00 9B E4 15 00 3A C4 32 00 00 00 00 00 3A C4 32 00 00 41 19 00 00 00 00 00 00 41 19 00 A3 2D 0C 00 00
2026-04-21   7:07:34.629 오후   RX       104 00 00 00 A3 2D 0C 00 61 0E 1C 00 00 00 00 00 61 0E 1C 00 2E B1 4E 00 00 00 00 00 2E B1 4E 00 96 DD 24 00 00 00 00 00 96 DD 24 00 00 F6 56 00 00 00 00 00 00 F6 56 00 00 00 00 00 00 00 00 00 00 00 00 00 00 00 00 00 00 00 00 00 00 00 00 00 00 00 00 00 00 00 00 00 00 00 00 00 E7 21 95 00 00 00 00 00 E7 21 95 00 E4
2026-04-21   7:07:34.682 오후   RX        52 AA 46 00 00 00 00 00 E4 AA 46 00 EB 24 A5 00 00 00 00 00 EB 24 A5 00 53 94 2D 00 00 00 00 00 53 94 2D 00 72 CE 15 00 00 00 00 00 72 CE 15 00 81 8F 32 C4 32
2026-04-21   7:07:34.682 오후   TX        13 2F 02 08 00 08 16 33 CE 2D 00 80 52 82
2026-04-21   7:07:34.928 오후   RX       104 2F 02 FF 00 08 16 33 CE 2D 00 53 01 00 00 00 00 00 81 8F 32 00 E1 28 19 00 00 00 00 00 E1 28 19 00 5C 22 0C 00 00 00 00 00 5C 22 0C 00 BE F3 1B 00 00 00 00 00 BE F3 1B 00 B2 64 4E 00 00 00 00 00 B2 64 4E 00 15 BA 24 00 00 00 00 00 15 BA 24 00 AB A1 56 00 00 00 00 00 AB A1 56 00 00 00 00 00 00 00 00 00 00 00 00
2026-04-21   7:07:35.033 오후   RX       104 00 00 00 00 00 00 00 00 00 00 00 00 00 00 00 00 00 00 00 00 00 00 00 00 00 7F A0 94 00 00 00 00 00 7F A0 94 00 22 67 46 00 00 00 00 00 22 67 46 00 95 92 A4 00 00 00 00 00 95 92 A4 00 F9 6A 2D 00 00 00 00 00 F9 6A 2D 00 95 B8 15 00 00 00 00 00 95 B8 15 00 A2 60 32 00 00 00 00 00 A2 60 32 00 44 0E 19 00 00 00 00
2026-04-21   7:07:35.097 오후   RX        52 00 44 0E 19 00 91 14 0C 00 00 00 00 00 91 14 0C 00 B8 D5 1B 00 00 00 00 00 B8 D5 1B 00 41 27 4E 00 00 00 00 00 41 27 4E 00 FB 99 24 00 00 00 00 00 FB B0 7A
2026-04-21   7:07:35.097 오후   TX        13 2F 02 08 00 08 16 33 CE 2D 00 80 52 82
2026-04-21   7:07:35.384 오후   RX       104 2F 02 FF 00 08 16 33 CE 2D 00 73 02 99 24 00 39 5C 56 00 00 00 00 00 39 5C 56 00 00 00 00 00 00 00 00 00 00 00 00 00 00 00 00 00 00 00 00 00 00 00 00 00 00 00 00 00 00 00 00 00 00 00 00 00 0F 03 92 00 00 00 00 00 0F 03 92 00 1F 44 45 00 00 00 00 00 1F 44 45 00 5D B8 A1 00 00 00 00 00 5D B8 A1 00 E1 A5 2C 00 00
2026-04-21   7:07:35.490 오후   RX       104 00 00 00 E1 A5 2C 00 A3 61 15 00 00 00 00 00 A3 61 15 00 24 89 31 00 00 00 00 00 24 89 31 00 FD 9D 18 00 00 00 00 00 FD 9D 18 00 60 E2 0B 00 00 00 00 00 60 E2 0B 00 B1 5A 1B 00 00 00 00 00 B1 5A 1B 00 30 BF 4C 00 00 00 00 00 30 BF 4C 00 1A 00 24 00 00 00 00 00 1A 00 24 00 87 D4 54 00 00 00 00 00 87 D4 54 00 00
2026-04-21   7:07:35.548 오후   RX        52 00 00 00 00 00 00 00 00 00 00 00 00 00 00 00 00 00 00 00 00 00 00 00 00 00 00 00 00 00 00 00 00 00 00 00 D3 07 8F 00 00 00 00 00 D3 07 8F 00 70 15 44 C4 66
2026-04-21   7:07:36.314 오후   RX       104 00 00 00 00 00 00 00 28 0B 88 00 00 00 00 00 28 0B 88 00 02 27 41 00 00 00 00 00 02 27 41 00 13 EF 96 00 00 00 00 00 13 EF 96 00 06 96 29 00 00 00 00 00 06 96 29 00 E5 18 14 00 00 00 00 00 E5 18 14 00 F5 36 2E 00 00 00 00 00 F5 36 2E 00 8D F5 16 00 00 00 00 00 8D F5 16 00 DA 30 0B 00 00 00 00 00 DA 30 0B 00 85
2026-04-21   7:07:36.378 오후   RX        52 8E 19 00 00 00 00 00 85 8E 19 00 93 7F 47 00 00 00 00 00 93 7F 47 00 42 DD 21 00 00 00 00 00 42 DD 21 00 98 29 4F 00 00 00 00 00 98 29 4F 00 00 00 00 FC 37
2026-04-21   7:07:36.378 오후   TX        13 2F 02 08 00 08 16 33 CE 2D 00 80 52 82
2026-04-21   7:07:36.525 오후   RX        47 2F 02 2A 00 08 16 33 CE 2D 00 53 85 00 00 00 00 00 00 00 00 00 00 00 00 00 00 00 00 00 00 00 00 00 00 00 00 00 00 00 00 00 00 00 00 00 FA 5B
2026-04-21   7:07:36.525 오후   TX        13 2F 02 08 00 08 16 33 CE 2D 00 80 52 82
2026-04-21   7:07:36.525 오후   TX        17 2F 02 0C 00 08 16 33 CE 2D 00 C4 C0 01 05 2F B5 A7
2026-04-21   7:07:36.848 오후   RX       104 2F 02 FF 00 08 16 33 CE 2D 00 73 40 81 05 2F 2C 01 00 00 00 00 00 00 2C 01 00 00 95 00 00 00 00 00 00 00 95 00 00 00 4E 01 00 00 00 00 00 00 4E 01 00 00 2C 01 00 00 00 00 00 00 2C 01 00 00 95 00 00 00 00 00 00 00 95 00 00 00 4E 01 00 00 00 00 00 00 4E 01 00 00 2B 01 00 00 00 00 00 00 2B 01 00 00 95 00 00 00 00
2026-04-21   7:07:36.953 오후   RX       104 00 00 00 95 00 00 00 4E 01 00 00 00 00 00 00 4E 01 00 00 2B 01 00 00 00 00 00 00 2B 01 00 00 92 00 00 00 00 00 00 00 92 00 00 00 4C 01 00 00 00 00 00 00 4C 01 00 00 00 00 00 00 00 00 00 00 00 00 00 00 00 00 00 00 00 00 00 00 00 00 00 00 00 00 00 00 00 00 00 00 00 00 00 00 C4 00 00 00 00 00 00 00 C4 00 00 00 5E
2026-04-21   7:07:37.010 오후   RX        52 00 00 00 00 00 00 00 5E 00 00 00 DA 00 00 00 00 00 00 00 DA 00 00 00 AE 00 00 00 00 00 00 00 AE 00 00 00 5A 00 00 00 00 00 00 00 5A 00 00 00 C3 00 00 36 A5
2026-04-21   7:07:37.010 오후   TX        13 2F 02 08 00 08 16 33 CE 2D 00 80 52 82
2026-04-21   7:07:37.254 오후   RX       104 2F 02 FF 00 08 16 33 CE 2D 00 53 01 00 00 00 00 00 C3 00 00 00 AC 00 00 00 00 00 00 00 AC 00 00 00 59 00 00 00 00 00 00 00 59 00 00 00 C2 00 00 00 00 00 00 00 C2 00 00 00 C4 00 00 00 00 00 00 00 C4 00 00 00 5E 00 00 00 00 00 00 00 5E 00 00 00 DA 00 00 00 00 00 00 00 DA 00 00 00 00 00 00 00 00 00 00 00 00 00 00
2026-04-21   7:07:37.366 오후   RX       104 00 00 00 00 00 00 00 00 00 00 00 00 00 00 00 00 00 00 00 00 00 00 00 00 00 34 01 00 00 00 00 00 00 34 01 00 00 87 00 00 00 00 00 00 00 87 00 00 00 51 01 00 00 00 00 00 00 51 01 00 00 32 01 00 00 00 00 00 00 32 01 00 00 85 00 00 00 00 00 00 00 85 00 00 00 4D 01 00 00 00 00 00 00 4D 01 00 00 34 01 00 00 00 00 00
2026-04-21   7:07:37.425 오후   RX        52 00 34 01 00 00 87 00 00 00 00 00 00 00 87 00 00 00 51 01 00 00 00 00 00 00 51 01 00 00 32 01 00 00 00 00 00 00 32 01 00 00 81 00 00 00 00 00 00 00 81 0D 7C
2026-04-21   7:07:37.434 오후   TX        13 2F 02 08 00 00 00 00 00 00 00 C0 71 A2
2026-04-21   7:07:37.549 오후   RX        13 2F 02 08 00 08 16 33 CE 2D 00 00 F2 83
2026-04-21   7:07:37.549 오후   TX        29 2F 02 18 00 08 16 33 CE 2D 00 F1 31 32 33 34 35 36 37 38 00 00 00 00 00 00 00 00 DB 67
2026-04-21   7:07:37.689 오후   RX        29 2F 02 18 00 08 16 33 CE 2D 00 00 CE CD CC CB CA C9 C8 C7 EC DC CC BC AC 9C 8C 7C 14 A4
2026-04-21   7:07:37.689 오후   TX        29 2F 02 18 00 08 16 33 CE 2D 00 F1 00 00 00 00 00 00 00 00 CE CD CC CB CA C9 C8 C7 95 8F
2026-04-21   7:07:37.828 오후   RX        29 2F 02 18 00 08 16 33 CE 2D 00 00 FF FF FF FF FF FF FF FF FF FF FF FF FF FF FF FF FE 06
2026-04-21   7:07:37.828 오후   TX        17 2F 02 0C 00 08 16 33 CE 2D 00 C4 C0 01 04 1F 31 A6
2026-04-21   7:07:38.098 오후   RX       104 2F 02 FF 00 08 16 33 CE 2D 00 73 40 81 04 1F 08 03 14 00 0A 00 08 16 33 CE 2D 53 EA 07 04 15 13 08 0B 02 E6 07 05 13 0E 29 1E EA 07 04 10 00 00 00 00 00 00 00 00 00 00 00 00 00 00 00 00 00 00 00 00 00 00 00 00 00 00 00 00 00 00 00 00 00 00 00 00 00 00 00 00 00 00 00 00 00 00 00 00 00 00 00 00 00 00 00 00 00 00
2026-04-21   7:07:38.204 오후   RX       104 00 00 00 00 00 00 00 00 00 00 00 00 00 00 00 00 00 00 00 00 00 00 00 00 00 00 00 00 00 00 00 00 00 00 00 00 00 00 00 00 00 00 00 00 00 00 00 00 00 00 00 00 00 00 00 00 00 00 00 00 00 00 00 00 00 00 00 00 00 00 00 00 00 00 00 00 00 00 00 00 00 00 00 00 00 00 00 00 00 00 00 00 00 00 00 00 00 00 00 00 00 00 00 00
2026-04-21   7:07:38.262 오후   RX        52 00 00 00 00 00 00 00 00 00 00 00 00 00 00 00 00 00 00 00 00 00 00 00 00 00 00 00 00 00 00 00 00 00 00 00 00 00 00 00 00 00 00 00 00 00 00 00 00 00 00 03 35
2026-04-21   7:07:38.263 오후   TX        13 2F 02 08 00 08 16 33 CE 2D 00 80 52 82
2026-04-21   7:07:38.488 오후   RX       104 2F 02 77 00 08 16 33 CE 2D 00 53 81 00 00 00 EA 07 04 10 00 00 00 E8 07 06 01 00 00 00 E7 07 05 18 00 00 00 E7 07 01 01 00 00 00 00 00 00 00 00 00 00 00 00 00 00 00 00 00 00 00 00 00 00 00 00 00 00 00 00 00 00 00 00 00 00 00 00 00 00 00 00 00 00 00 00 00 00 00 00 00 00 00 00 00 00 00 00 00 00 00 00 00 00 00 00
2026-04-21   7:07:38.511 오후   RX        20 00 00 00 00 00 00 00 00 00 00 00 00 00 00 00 00 04 00 E4 BB
2026-04-21   7:07:38.511 오후   TX        13 2F 02 08 00 08 16 33 CE 2D 00 80 52 82
2026-04-21   7:07:38.511 오후   TX        17 2F 02 0C 00 08 16 33 CE 2D 00 C4 C0 01 04 2F 25 A6
2026-04-21   7:07:38.802 오후   RX       104 2F 02 FF 00 08 16 33 CE 2D 00 73 40 81 04 2F 02 01 02 00 00 00 00 00 00 00 00 00 00 00 00 00 00 00 00 00 00 00 00 00 00 00 00 00 00 00 00 00 00 00 00 00 00 00 00 00 00 00 00 00 00 00 00 00 00 00 00 00 00 00 00 00 00 00 00 00 00 00 00 00 00 EA 07 04 10 00 00 00 40 EA 07 04 01 00 00 00 01 EA 07 03 01 00 00 00 03
2026-04-21   7:07:38.910 오후   RX       104 EA 07 02 01 00 00 00 01 EA 07 01 01 00 00 00 01 E9 07 0C 01 00 00 00 01 E9 07 0B 01 00 00 00 03 E9 07 0A 01 00 00 00 01 E9 07 09 01 00 00 00 03 E9 07 08 01 00 00 00 01 E9 07 07 01 00 00 00 01 E9 07 06 01 00 00 00 03 E9 07 05 01 00 00 00 01 E9 07 04 01 00 00 00 01 E9 07 03 01 00 00 00 03 31 00 EA 07 04 10 00 00
2026-04-21   7:07:38.963 오후   RX        52 00 40 EA 07 04 01 00 00 00 01 EA 07 03 01 00 00 00 01 EA 07 02 01 00 00 00 01 EA 07 01 01 00 00 00 01 E9 07 0C 01 00 00 00 01 E9 07 0B 01 00 00 00 01 89 50
2026-04-21   7:07:38.963 오후   TX        13 2F 02 08 00 08 16 33 CE 2D 00 80 52 82
2026-04-21   7:07:39.207 오후   RX       104 2F 02 FF 00 08 16 33 CE 2D 00 53 01 E9 07 0A 01 00 00 00 01 E9 07 09 01 00 00 00 01 E9 07 08 01 00 00 00 01 E9 07 07 01 00 00 00 01 E9 07 06 01 00 00 00 01 E9 07 05 01 00 00 00 01 E9 07 04 01 00 00 00 01 E9 07 03 01 00 00 00 01 31 00 00 00 00 00 00 00 00 00 00 00 00 00 00 00 00 00 00 00 00 00 00 00 00 00 00 00
2026-04-21   7:07:39.313 오후   RX       104 00 00 00 00 00 00 00 00 00 00 00 00 00 00 00 00 00 00 00 00 00 00 00 00 00 00 00 00 00 00 00 00 00 00 00 00 00 00 00 00 00 00 00 00 00 00 00 00 00 00 00 00 00 00 00 00 00 00 00 00 00 00 00 00 00 00 00 00 00 00 00 00 00 00 00 00 00 00 00 00 00 00 00 00 00 00 00 00 00 00 00 00 00 00 00 00 00 00 00 00 00 00 00 00
2026-04-21   7:07:39.377 오후   RX        52 00 00 00 00 00 00 00 00 00 00 00 00 00 00 00 00 00 00 00 00 00 00 00 00 00 00 00 00 00 00 00 00 00 00 00 00 00 00 00 00 00 00 00 00 00 00 00 00 00 00 FC 71
2026-04-21   7:07:39.377 오후   TX        13 2F 02 08 00 08 16 33 CE 2D 00 80 52 82
2026-04-21   7:07:39.502 오후   RX        23 2F 02 12 00 08 16 33 CE 2D 00 73 82 00 00 00 00 00 00 00 00 00 C6 39
2026-04-21   7:07:39.502 오후   TX        13 2F 02 08 00 08 16 33 CE 2D 00 80 52 82
2026-04-21   7:07:39.502 오후   TX        17 2F 02 0C 00 08 16 33 CE 2D 00 C4 C0 01 04 7F 19 A6
2026-04-21   7:07:39.795 오후   RX       104 2F 02 A1 00 08 16 33 CE 2D 00 53 C0 81 04 7F 67 00 00 00 00 00 00 00 B5 00 00 00 1C 01 00 00 00 00 00 00 00 00 00 00 00 00 00 00 00 00 00 00 96 00 00 00 00 00 00 00 00 00 00 00 88 00 00 00 00 00 00 00 00 00 00 00 0E 00 00 00 00 00 00 00 B6 00 00 00 00 00 00 00 B5 00 00 00 3B 01 00 00 A4 C0 01 00 00 00 00 00 7B
2026-04-21   7:07:39.866 오후   RX        62 C1 01 00 3A 06 00 00 00 00 00 00 2B 06 00 00 01 82 EA 00 00 19 16 00 00 00 00 00 00 F1 26 00 00 74 0D 00 00 37 00 00 00 00 00 00 00 64 01 00 00 A3 01 00 00 00 00 00 00 AB 01 00 00 62 32
2026-04-21   7:07:39.866 오후   TX        13 2F 02 08 00 08 16 33 CE 2D 00 80 52 82
2026-04-21   7:07:39.866 오후   TX        17 2F 02 0C 00 08 16 33 CE 2D 00 C4 C0 01 05 9F 01 A6
2026-04-21   7:07:40.159 오후   RX       104 2F 02 98 00 08 16 33 CE 2D 00 73 C0 81 05 9F 6D 23 00 00 71 23 00 00 62 23 00 00 6E 23 00 00 00 00 00 00 9B 22 00 00 88 22 00 00 AE 22 00 00 9F 22 00 00 00 00 00 00 D2 23 00 00 BD 23 00 00 A9 23 00 00 EB 23 00 00 00 00 00 00 4F 24 00 00 38 24 00 00 4C 24 00 00 5C 24 00 00 00 00 00 00 FB 23 00 00 E7 23 00 00 EB
2026-04-21   7:07:40.218 오후   RX        53 23 00 00 0D 24 00 00 00 00 00 00 0F 24 00 00 FC 23 00 00 F4 23 00 00 24 24 00 00 00 00 00 00 90 23 00 00 7D 23 00 00 6D 23 00 00 A8 23 00 00 00 00 00 00 E9 D8
2026-04-21   7:07:40.218 오후   TX        13 2F 02 08 00 08 16 33 CE 2D 00 80 52 82
2026-04-21   7:07:40.218 오후   TX        17 2F 02 0C 00 08 16 33 CE 2D 00 C4 C0 01 05 7F 89 A7
2026-04-21   7:07:40.488 오후   RX       104 2F 02 98 00 08 16 33 CE 2D 00 53 C0 81 05 7F 3B 23 00 00 3B 23 00 00 F7 22 00 00 2F 23 00 00 00 00 00 00 34 23 00 00 AE 22 00 00 BA 22 00 00 34 23 00 00 00 00 00 00 C3 23 00 00 02 24 00 00 C3 23 00 00 20 24 00 00 00 00 00 00 C9 23 00 00 C9 23 00 00 D1 23 00 00 03 24 00 00 00 00 00 00 D6 23 00 00 D6 23 00 00 AC
2026-04-21   7:07:40.546 오후   RX        53 23 00 00 AE 23 00 00 00 00 00 00 78 23 00 00 78 23 00 00 84 23 00 00 E4 23 00 00 00 00 00 00 F4 23 00 00 F4 23 00 00 B0 23 00 00 13 24 00 00 00 00 00 00 86 4B
2026-04-21   7:07:40.546 오후   TX        13 2F 02 08 00 08 16 33 CE 2D 00 80 52 82
2026-04-21   7:07:40.546 오후   TX        17 2F 02 0C 00 08 16 33 CE 2D 00 C4 C0 01 05 1F A1 A7
2026-04-21   7:07:40.874 오후   RX       104 2F 02 FF 00 08 16 33 CE 2D 00 73 40 81 05 1F 57 B6 95 00 00 00 00 00 57 B6 95 00 D5 EF 46 00 00 00 00 00 D5 EF 46 00 9D C8 A5 00 00 00 00 00 9D C8 A5 00 26 C4 2D 00 00 00 00 00 26 C4 2D 00 9B E4 15 00 00 00 00 00 9B E4 15 00 3A C4 32 00 00 00 00 00 3A C4 32 00 01 41 19 00 00 00 00 00 01 41 19 00 A4 2D 0C 00 00
2026-04-21   7:07:40.981 오후   RX       104 00 00 00 A4 2D 0C 00 61 0E 1C 00 00 00 00 00 61 0E 1C 00 2E B1 4E 00 00 00 00 00 2E B1 4E 00 96 DD 24 00 00 00 00 00 96 DD 24 00 00 F6 56 00 00 00 00 00 00 F6 56 00 00 00 00 00 00 00 00 00 00 00 00 00 00 00 00 00 00 00 00 00 00 00 00 00 00 00 00 00 00 00 00 00 00 00 00 00 E7 21 95 00 00 00 00 00 E7 21 95 00 E4
2026-04-21   7:07:41.039 오후   RX        52 AA 46 00 00 00 00 00 E4 AA 46 00 EB 24 A5 00 00 00 00 00 EB 24 A5 00 53 94 2D 00 00 00 00 00 53 94 2D 00 72 CE 15 00 00 00 00 00 72 CE 15 00 81 8F 32 59 99
2026-04-21   7:07:41.039 오후   TX        13 2F 02 08 00 08 16 33 CE 2D 00 80 52 82
2026-04-21   7:07:41.284 오후   RX       104 2F 02 FF 00 08 16 33 CE 2D 00 53 01 00 00 00 00 00 81 8F 32 00 E1 28 19 00 00 00 00 00 E1 28 19 00 5C 22 0C 00 00 00 00 00 5C 22 0C 00 BE F3 1B 00 00 00 00 00 BE F3 1B 00 B2 64 4E 00 00 00 00 00 B2 64 4E 00 15 BA 24 00 00 00 00 00 15 BA 24 00 AB A1 56 00 00 00 00 00 AB A1 56 00 00 00 00 00 00 00 00 00 00 00 00
2026-04-21   7:07:41.395 오후   RX       104 00 00 00 00 00 00 00 00 00 00 00 00 00 00 00 00 00 00 00 00 00 00 00 00 00 7F A0 94 00 00 00 00 00 7F A0 94 00 22 67 46 00 00 00 00 00 22 67 46 00 95 92 A4 00 00 00 00 00 95 92 A4 00 F9 6A 2D 00 00 00 00 00 F9 6A 2D 00 95 B8 15 00 00 00 00 00 95 B8 15 00 A2 60 32 00 00 00 00 00 A2 60 32 00 44 0E 19 00 00 00 00
2026-04-21   7:07:41.454 오후   RX        52 00 44 0E 19 00 91 14 0C 00 00 00 00 00 91 14 0C 00 B8 D5 1B 00 00 00 00 00 B8 D5 1B 00 41 27 4E 00 00 00 00 00 41 27 4E 00 FB 99 24 00 00 00 00 00 FB B0 7A
2026-04-21   7:07:41.454 오후   TX        13 2F 02 08 00 08 16 33 CE 2D 00 80 52 82
2026-04-21   7:07:41.742 오후   RX       104 2F 02 FF 00 08 16 33 CE 2D 00 73 02 99 24 00 39 5C 56 00 00 00 00 00 39 5C 56 00 00 00 00 00 00 00 00 00 00 00 00 00 00 00 00 00 00 00 00 00 00 00 00 00 00 00 00 00 00 00 00 00 00 00 00 00 0F 03 92 00 00 00 00 00 0F 03 92 00 1F 44 45 00 00 00 00 00 1F 44 45 00 5D B8 A1 00 00 00 00 00 5D B8 A1 00 E1 A5 2C 00 00
2026-04-21   7:07:41.848 오후   RX       104 00 00 00 E1 A5 2C 00 A3 61 15 00 00 00 00 00 A3 61 15 00 24 89 31 00 00 00 00 00 24 89 31 00 FD 9D 18 00 00 00 00 00 FD 9D 18 00 60 E2 0B 00 00 00 00 00 60 E2 0B 00 B1 5A 1B 00 00 00 00 00 B1 5A 1B 00 30 BF 4C 00 00 00 00 00 30 BF 4C 00 1A 00 24 00 00 00 00 00 1A 00 24 00 87 D4 54 00 00 00 00 00 87 D4 54 00 00
2026-04-21   7:07:41.906 오후   RX        52 00 00 00 00 00 00 00 00 00 00 00 00 00 00 00 00 00 00 00 00 00 00 00 00 00 00 00 00 00 00 00 00 00 00 00 D3 07 8F 00 00 00 00 00 D3 07 8F 00 70 15 44 C4 66
2026-04-21   7:07:41.906 오후   TX        13 2F 02 08 00 08 16 33 CE 2D 00 80 52 82
2026-04-21   7:07:42.159 오후   RX       104 2F 02 FF 00 08 16 33 CE 2D 00 53 03 00 00 00 00 00 70 15 44 00 17 83 9E 00 00 00 00 00 17 83 9E 00 9A CA 2B 00 00 00 00 00 9A CA 2B 00 1C 09 15 00 00 00 00 00 1C 09 15 00 9D 9C 30 00 00 00 00 00 9D 9C 30 00 E9 2A 18 00 00 00 00 00 E9 2A 18 00 9F B4 0B 00 00 00 00 00 9F B4 0B 00 D2 DE 1A 00 00 00 00 00 D2 DE 1A
2026-04-21   7:07:42.265 오후   RX       104 00 4F 12 4B 00 00 00 00 00 4F 12 4B 00 B4 57 23 00 00 00 00 00 B4 57 23 00 A7 07 53 00 00 00 00 00 A7 07 53 00 00 00 00 00 00 00 00 00 00 00 00 00 00 00 00 00 00 00 00 00 00 00 00 00 00 00 00 00 00 00 00 00 00 00 00 00 0E 7B 8B 00 00 00 00 00 0E 7B 8B 00 74 95 42 00 00 00 00 00 74 95 42 00 5B A8 9A 00 00 00 00
2026-04-21   7:07:42.324 오후   RX        52 00 5B A8 9A 00 26 A9 2A 00 00 00 00 00 26 A9 2A 00 05 8D 14 00 00 00 00 00 05 8D 14 00 9F 61 2F 00 00 00 00 00 9F 61 2F 00 00 93 17 00 00 00 00 00 00 7B B0
2026-04-21   7:07:42.324 오후   TX        13 2F 02 08 00 08 16 33 CE 2D 00 80 52 82
2026-04-21   7:07:42.569 오후   RX       104 2F 02 FF 00 08 16 33 CE 2D 00 73 04 93 17 00 B9 73 0B 00 00 00 00 00 B9 73 0B 00 9A 39 1A 00 00 00 00 00 9A 39 1A 00 E7 3E 49 00 00 00 00 00 E7 3E 49 00 B5 94 22 00 00 00 00 00 B5 94 22 00 21 0D 51 00 00 00 00 00 21 0D 51 00 00 00 00 00 00 00 00 00 00 00 00 00 00 00 00 00 00 00 00 00 00 00 00 00 00 00 00 00 00
2026-04-21   7:07:42.673 오후   RX       104 00 00 00 00 00 00 00 28 0B 88 00 00 00 00 00 28 0B 88 00 02 27 41 00 00 00 00 00 02 27 41 00 13 EF 96 00 00 00 00 00 13 EF 96 00 06 96 29 00 00 00 00 00 06 96 29 00 E5 18 14 00 00 00 00 00 E5 18 14 00 F5 36 2E 00 00 00 00 00 F5 36 2E 00 8D F5 16 00 00 00 00 00 8D F5 16 00 DA 30 0B 00 00 00 00 00 DA 30 0B 00 85
2026-04-21   7:07:42.734 오후   RX        52 8E 19 00 00 00 00 00 85 8E 19 00 93 7F 47 00 00 00 00 00 93 7F 47 00 42 DD 21 00 00 00 00 00 42 DD 21 00 98 29 4F 00 00 00 00 00 98 29 4F 00 00 00 00 FC 37
2026-04-21   7:07:42.734 오후   TX        13 2F 02 08 00 08 16 33 CE 2D 00 80 52 82
2026-04-21   7:07:42.882 오후   RX        47 2F 02 2A 00 08 16 33 CE 2D 00 53 85 00 00 00 00 00 00 00 00 00 00 00 00 00 00 00 00 00 00 00 00 00 00 00 00 00 00 00 00 00 00 00 00 00 FA 5B
2026-04-21   7:07:42.882 오후   TX        13 2F 02 08 00 08 16 33 CE 2D 00 80 52 82
2026-04-21   7:07:42.882 오후   TX        17 2F 02 0C 00 08 16 33 CE 2D 00 C4 C0 01 05 2F B5 A7
2026-04-21   7:07:43.204 오후   RX       104 2F 02 FF 00 08 16 33 CE 2D 00 73 40 81 05 2F 2C 01 00 00 00 00 00 00 2C 01 00 00 95 00 00 00 00 00 00 00 95 00 00 00 4E 01 00 00 00 00 00 00 4E 01 00 00 2C 01 00 00 00 00 00 00 2C 01 00 00 95 00 00 00 00 00 00 00 95 00 00 00 4E 01 00 00 00 00 00 00 4E 01 00 00 2B 01 00 00 00 00 00 00 2B 01 00 00 95 00 00 00 00
2026-04-21   7:07:43.316 오후   RX       104 00 00 00 95 00 00 00 4E 01 00 00 00 00 00 00 4E 01 00 00 2B 01 00 00 00 00 00 00 2B 01 00 00 92 00 00 00 00 00 00 00 92 00 00 00 4C 01 00 00 00 00 00 00 4C 01 00 00 00 00 00 00 00 00 00 00 00 00 00 00 00 00 00 00 00 00 00 00 00 00 00 00 00 00 00 00 00 00 00 00 00 00 00 00 C4 00 00 00 00 00 00 00 C4 00 00 00 5E
2026-04-21   7:07:43.368 오후   RX        52 00 00 00 00 00 00 00 5E 00 00 00 DA 00 00 00 00 00 00 00 DA 00 00 00 AE 00 00 00 00 00 00 00 AE 00 00 00 5A 00 00 00 00 00 00 00 5A 00 00 00 C3 00 00 36 A5
2026-04-21   7:07:43.368 오후   TX        13 2F 02 08 00 08 16 33 CE 2D 00 80 52 82
2026-04-21   7:07:43.617 오후   RX       104 2F 02 FF 00 08 16 33 CE 2D 00 53 01 00 00 00 00 00 C3 00 00 00 AC 00 00 00 00 00 00 00 AC 00 00 00 59 00 00 00 00 00 00 00 59 00 00 00 C2 00 00 00 00 00 00 00 C2 00 00 00 C4 00 00 00 00 00 00 00 C4 00 00 00 5E 00 00 00 00 00 00 00 5E 00 00 00 DA 00 00 00 00 00 00 00 DA 00 00 00 00 00 00 00 00 00 00 00 00 00 00
2026-04-21   7:07:43.723 오후   RX       104 00 00 00 00 00 00 00 00 00 00 00 00 00 00 00 00 00 00 00 00 00 00 00 00 00 34 01 00 00 00 00 00 00 34 01 00 00 87 00 00 00 00 00 00 00 87 00 00 00 51 01 00 00 00 00 00 00 51 01 00 00 32 01 00 00 00 00 00 00 32 01 00 00 85 00 00 00 00 00 00 00 85 00 00 00 4D 01 00 00 00 00 00 00 4D 01 00 00 34 01 00 00 00 00 00
2026-04-21   7:07:43.783 오후   RX        52 00 34 01 00 00 87 00 00 00 00 00 00 00 87 00 00 00 51 01 00 00 00 00 00 00 51 01 00 00 32 01 00 00 00 00 00 00 32 01 00 00 81 00 00 00 00 00 00 00 81 0D 7C
2026-04-21   7:07:43.791 오후   TX        13 2F 02 08 00 00 00 00 00 00 00 C0 71 A2
2026-04-21   7:07:43.900 오후   RX        13 2F 02 08 00 08 16 33 CE 2D 00 00 F2 83
2026-04-21   7:07:43.900 오후   TX        29 2F 02 18 00 08 16 33 CE 2D 00 F1 31 32 33 34 35 36 37 38 00 00 00 00 00 00 00 00 DB 67
2026-04-21   7:07:44.039 오후   RX        29 2F 02 18 00 08 16 33 CE 2D 00 00 CE CD CC CB CA C9 C8 C7 EC DC CC BC AC 9C 8C 7C 14 A4
2026-04-21   7:07:44.039 오후   TX        29 2F 02 18 00 08 16 33 CE 2D 00 F1 00 00 00 00 00 00 00 00 CE CD CC CB CA C9 C8 C7 95 8F
2026-04-21   7:07:44.178 오후   RX        29 2F 02 18 00 08 16 33 CE 2D 00 00 FF FF FF FF FF FF FF FF FF FF FF FF FF FF FF FF FE 06
2026-04-21   7:07:44.178 오후   TX        17 2F 02 0C 00 08 16 33 CE 2D 00 C4 C0 01 04 1F 31 A6
2026-04-21   7:07:44.448 오후   RX       104 2F 02 FF 00 08 16 33 CE 2D 00 73 40 81 04 1F 08 03 14 00 0A 00 08 16 33 CE 2D 53 EA 07 04 15 13 08 12 02 E6 07 05 13 0E 29 1E EA 07 04 10 00 00 00 00 00 00 00 00 00 00 00 00 00 00 00 00 00 00 00 00 00 00 00 00 00 00 00 00 00 00 00 00 00 00 00 00 00 00 00 00 00 00 00 00 00 00 00 00 00 00 00 00 00 00 00 00 00 00
2026-04-21   7:07:44.553 오후   RX       104 00 00 00 00 00 00 00 00 00 00 00 00 00 00 00 00 00 00 00 00 00 00 00 00 00 00 00 00 00 00 00 00 00 00 00 00 00 00 00 00 00 00 00 00 00 00 00 00 00 00 00 00 00 00 00 00 00 00 00 00 00 00 00 00 00 00 00 00 00 00 00 00 00 00 00 00 00 00 00 00 00 00 00 00 00 00 00 00 00 00 00 00 00 00 00 00 00 00 00 00 00 00 00 00
2026-04-21   7:07:44.610 오후   RX        52 00 00 00 00 00 00 00 00 00 00 00 00 00 00 00 00 00 00 00 00 00 00 00 00 00 00 00 00 00 00 00 00 00 00 00 00 00 00 00 00 00 00 00 00 00 00 00 00 00 00 71 54
2026-04-21   7:07:44.610 오후   TX        13 2F 02 08 00 08 16 33 CE 2D 00 80 52 82
2026-04-21   7:07:44.835 오후   RX       104 2F 02 77 00 08 16 33 CE 2D 00 53 81 00 00 00 EA 07 04 10 00 00 00 E8 07 06 01 00 00 00 E7 07 05 18 00 00 00 E7 07 01 01 00 00 00 00 00 00 00 00 00 00 00 00 00 00 00 00 00 00 00 00 00 00 00 00 00 00 00 00 00 00 00 00 00 00 00 00 00 00 00 00 00 00 00 00 00 00 00 00 00 00 00 00 00 00 00 00 00 00 00 00 00 00 00 00
2026-04-21   7:07:44.859 오후   RX        20 00 00 00 00 00 00 00 00 00 00 00 00 00 00 00 00 04 00 E4 BB
2026-04-21   7:07:44.859 오후   TX        13 2F 02 08 00 08 16 33 CE 2D 00 80 52 82
2026-04-21   7:07:44.859 오후   TX        17 2F 02 0C 00 08 16 33 CE 2D 00 C4 C0 01 04 2F 25 A6
2026-04-21   7:07:45.151 오후   RX       104 2F 02 FF 00 08 16 33 CE 2D 00 73 40 81 04 2F 02 01 02 00 00 00 00 00 00 00 00 00 00 00 00 00 00 00 00 00 00 00 00 00 00 00 00 00 00 00 00 00 00 00 00 00 00 00 00 00 00 00 00 00 00 00 00 00 00 00 00 00 00 00 00 00 00 00 00 00 00 00 00 00 00 EA 07 04 10 00 00 00 40 EA 07 04 01 00 00 00 01 EA 07 03 01 00 00 00 03
2026-04-21   7:07:45.263 오후   RX       104 EA 07 02 01 00 00 00 01 EA 07 01 01 00 00 00 01 E9 07 0C 01 00 00 00 01 E9 07 0B 01 00 00 00 03 E9 07 0A 01 00 00 00 01 E9 07 09 01 00 00 00 03 E9 07 08 01 00 00 00 01 E9 07 07 01 00 00 00 01 E9 07 06 01 00 00 00 03 E9 07 05 01 00 00 00 01 E9 07 04 01 00 00 00 01 E9 07 03 01 00 00 00 03 31 00 EA 07 04 10 00 00
2026-04-21   7:07:45.320 오후   RX        52 00 40 EA 07 04 01 00 00 00 01 EA 07 03 01 00 00 00 01 EA 07 02 01 00 00 00 01 EA 07 01 01 00 00 00 01 E9 07 0C 01 00 00 00 01 E9 07 0B 01 00 00 00 01 89 50
2026-04-21   7:07:45.320 오후   TX        13 2F 02 08 00 08 16 33 CE 2D 00 80 52 82
2026-04-21   7:07:45.567 오후   RX       104 2F 02 FF 00 08 16 33 CE 2D 00 53 01 E9 07 0A 01 00 00 00 01 E9 07 09 01 00 00 00 01 E9 07 08 01 00 00 00 01 E9 07 07 01 00 00 00 01 E9 07 06 01 00 00 00 01 E9 07 05 01 00 00 00 01 E9 07 04 01 00 00 00 01 E9 07 03 01 00 00 00 01 31 00 00 00 00 00 00 00 00 00 00 00 00 00 00 00 00 00 00 00 00 00 00 00 00 00 00 00
2026-04-21   7:07:45.673 오후   RX       104 00 00 00 00 00 00 00 00 00 00 00 00 00 00 00 00 00 00 00 00 00 00 00 00 00 00 00 00 00 00 00 00 00 00 00 00 00 00 00 00 00 00 00 00 00 00 00 00 00 00 00 00 00 00 00 00 00 00 00 00 00 00 00 00 00 00 00 00 00 00 00 00 00 00 00 00 00 00 00 00 00 00 00 00 00 00 00 00 00 00 00 00 00 00 00 00 00 00 00 00 00 00 00 00
2026-04-21   7:07:45.738 오후   RX        52 00 00 00 00 00 00 00 00 00 00 00 00 00 00 00 00 00 00 00 00 00 00 00 00 00 00 00 00 00 00 00 00 00 00 00 00 00 00 00 00 00 00 00 00 00 00 00 00 00 00 FC 71
2026-04-21   7:07:45.738 오후   TX        13 2F 02 08 00 08 16 33 CE 2D 00 80 52 82
2026-04-21   7:07:45.857 오후   RX        23 2F 02 12 00 08 16 33 CE 2D 00 73 82 00 00 00 00 00 00 00 00 00 C6 39
2026-04-21   7:07:45.857 오후   TX        13 2F 02 08 00 08 16 33 CE 2D 00 80 52 82
2026-04-21   7:07:45.857 오후   TX        17 2F 02 0C 00 08 16 33 CE 2D 00 C4 C0 01 04 7F 19 A6
2026-04-21   7:07:46.150 오후   RX       104 2F 02 A1 00 08 16 33 CE 2D 00 53 C0 81 04 7F 67 00 00 00 00 00 00 00 B4 00 00 00 1C 01 00 00 00 00 00 00 00 00 00 00 00 00 00 00 00 00 00 00 96 00 00 00 00 00 00 00 00 00 00 00 87 00 00 00 00 00 00 00 00 00 00 00 0E 00 00 00 00 00 00 00 B6 00 00 00 00 00 00 00 B5 00 00 00 3A 01 00 00 E6 BF 01 00 00 00 00 00 BA
2026-04-21   7:07:46.218 오후   RX        62 C0 01 00 39 06 00 00 00 00 00 00 2A 06 00 00 01 78 EA 00 00 2B 16 00 00 00 00 00 00 EF 26 00 00 88 0D 00 00 37 00 00 00 00 00 00 00 64 01 00 00 D9 01 00 00 00 00 00 00 C5 01 00 00 68 F6
2026-04-21   7:07:46.218 오후   TX        13 2F 02 08 00 08 16 33 CE 2D 00 80 52 82
2026-04-21   7:07:46.218 오후   TX        17 2F 02 0C 00 08 16 33 CE 2D 00 C4 C0 01 05 9F 01 A6
2026-04-21   7:07:46.517 오후   RX       104 2F 02 98 00 08 16 33 CE 2D 00 73 C0 81 05 9F 6D 23 00 00 71 23 00 00 62 23 00 00 6E 23 00 00 00 00 00 00 9B 22 00 00 88 22 00 00 AE 22 00 00 9F 22 00 00 00 00 00 00 D2 23 00 00 BD 23 00 00 A9 23 00 00 EB 23 00 00 00 00 00 00 4F 24 00 00 38 24 00 00 4C 24 00 00 5C 24 00 00 00 00 00 00 FB 23 00 00 E7 23 00 00 EB
2026-04-21   7:07:46.574 오후   RX        53 23 00 00 0D 24 00 00 00 00 00 00 0F 24 00 00 FC 23 00 00 F4 23 00 00 24 24 00 00 00 00 00 00 90 23 00 00 7D 23 00 00 6D 23 00 00 A8 23 00 00 00 00 00 00 E9 D8
2026-04-21   7:07:46.574 오후   TX        13 2F 02 08 00 08 16 33 CE 2D 00 80 52 82
2026-04-21   7:07:46.574 오후   TX        17 2F 02 0C 00 08 16 33 CE 2D 00 C4 C0 01 05 7F 89 A7
2026-04-21   7:07:46.840 오후   RX       104 2F 02 98 00 08 16 33 CE 2D 00 53 C0 81 05 7F 3B 23 00 00 3B 23 00 00 F7 22 00 00 2F 23 00 00 00 00 00 00 34 23 00 00 AE 22 00 00 BA 22 00 00 34 23 00 00 00 00 00 00 C3 23 00 00 02 24 00 00 C3 23 00 00 20 24 00 00 00 00 00 00 C9 23 00 00 C9 23 00 00 D1 23 00 00 03 24 00 00 00 00 00 00 D6 23 00 00 D6 23 00 00 AC
2026-04-21   7:07:46.899 오후   RX        53 23 00 00 AE 23 00 00 00 00 00 00 78 23 00 00 78 23 00 00 84 23 00 00 E4 23 00 00 00 00 00 00 F4 23 00 00 F4 23 00 00 B0 23 00 00 13 24 00 00 00 00 00 00 86 4B
2026-04-21   7:07:46.899 오후   TX        13 2F 02 08 00 08 16 33 CE 2D 00 80 52 82
2026-04-21   7:07:46.899 오후   TX        17 2F 02 0C 00 08 16 33 CE 2D 00 C4 C0 01 05 1F A1 A7
2026-04-21   7:07:47.230 오후   RX       104 2F 02 FF 00 08 16 33 CE 2D 00 73 40 81 05 1F 57 B6 95 00 00 00 00 00 57 B6 95 00 D6 EF 46 00 00 00 00 00 D6 EF 46 00 9E C8 A5 00 00 00 00 00 9E C8 A5 00 26 C4 2D 00 00 00 00 00 26 C4 2D 00 9B E4 15 00 00 00 00 00 9B E4 15 00 3A C4 32 00 00 00 00 00 3A C4 32 00 01 41 19 00 00 00 00 00 01 41 19 00 A4 2D 0C 00 00
2026-04-21   7:07:47.336 오후   RX       104 00 00 00 A4 2D 0C 00 62 0E 1C 00 00 00 00 00 62 0E 1C 00 2E B1 4E 00 00 00 00 00 2E B1 4E 00 96 DD 24 00 00 00 00 00 96 DD 24 00 00 F6 56 00 00 00 00 00 00 F6 56 00 00 00 00 00 00 00 00 00 00 00 00 00 00 00 00 00 00 00 00 00 00 00 00 00 00 00 00 00 00 00 00 00 00 00 00 00 E7 21 95 00 00 00 00 00 E7 21 95 00 E4
2026-04-21   7:07:47.395 오후   RX        52 AA 46 00 00 00 00 00 E4 AA 46 00 EB 24 A5 00 00 00 00 00 EB 24 A5 00 53 94 2D 00 00 00 00 00 53 94 2D 00 72 CE 15 00 00 00 00 00 72 CE 15 00 81 8F 32 0B 7F
2026-04-21   7:07:47.395 오후   TX        13 2F 02 08 00 08 16 33 CE 2D 00 80 52 82
2026-04-21   7:07:47.646 오후   RX       104 2F 02 FF 00 08 16 33 CE 2D 00 53 01 00 00 00 00 00 81 8F 32 00 E1 28 19 00 00 00 00 00 E1 28 19 00 5C 22 0C 00 00 00 00 00 5C 22 0C 00 BE F3 1B 00 00 00 00 00 BE F3 1B 00 B2 64 4E 00 00 00 00 00 B2 64 4E 00 15 BA 24 00 00 00 00 00 15 BA 24 00 AB A1 56 00 00 00 00 00 AB A1 56 00 00 00 00 00 00 00 00 00 00 00 00
2026-04-21   7:07:47.750 오후   RX       104 00 00 00 00 00 00 00 00 00 00 00 00 00 00 00 00 00 00 00 00 00 00 00 00 00 7F A0 94 00 00 00 00 00 7F A0 94 00 22 67 46 00 00 00 00 00 22 67 46 00 95 92 A4 00 00 00 00 00 95 92 A4 00 F9 6A 2D 00 00 00 00 00 F9 6A 2D 00 95 B8 15 00 00 00 00 00 95 B8 15 00 A2 60 32 00 00 00 00 00 A2 60 32 00 44 0E 19 00 00 00 00
2026-04-21   7:07:47.813 오후   RX        52 00 44 0E 19 00 91 14 0C 00 00 00 00 00 91 14 0C 00 B8 D5 1B 00 00 00 00 00 B8 D5 1B 00 41 27 4E 00 00 00 00 00 41 27 4E 00 FB 99 24 00 00 00 00 00 FB B0 7A
2026-04-21   7:07:47.813 오후   TX        13 2F 02 08 00 08 16 33 CE 2D 00 80 52 82
2026-04-21   7:07:48.100 오후   RX       104 2F 02 FF 00 08 16 33 CE 2D 00 73 02 99 24 00 39 5C 56 00 00 00 00 00 39 5C 56 00 00 00 00 00 00 00 00 00 00 00 00 00 00 00 00 00 00 00 00 00 00 00 00 00 00 00 00 00 00 00 00 00 00 00 00 00 0F 03 92 00 00 00 00 00 0F 03 92 00 1F 44 45 00 00 00 00 00 1F 44 45 00 5D B8 A1 00 00 00 00 00 5D B8 A1 00 E1 A5 2C 00 00
2026-04-21   7:07:48.211 오후   RX       104 00 00 00 E1 A5 2C 00 A3 61 15 00 00 00 00 00 A3 61 15 00 24 89 31 00 00 00 00 00 24 89 31 00 FD 9D 18 00 00 00 00 00 FD 9D 18 00 60 E2 0B 00 00 00 00 00 60 E2 0B 00 B1 5A 1B 00 00 00 00 00 B1 5A 1B 00 30 BF 4C 00 00 00 00 00 30 BF 4C 00 1A 00 24 00 00 00 00 00 1A 00 24 00 87 D4 54 00 00 00 00 00 87 D4 54 00 00
2026-04-21   7:07:48.265 오후   RX        52 00 00 00 00 00 00 00 00 00 00 00 00 00 00 00 00 00 00 00 00 00 00 00 00 00 00 00 00 00 00 00 00 00 00 00 D3 07 8F 00 00 00 00 00 D3 07 8F 00 70 15 44 C4 66
2026-04-21   7:07:48.265 오후   TX        13 2F 02 08 00 08 16 33 CE 2D 00 80 52 82
2026-04-21   7:07:48.514 오후   RX       104 2F 02 FF 00 08 16 33 CE 2D 00 53 03 00 00 00 00 00 70 15 44 00 17 83 9E 00 00 00 00 00 17 83 9E 00 9A CA 2B 00 00 00 00 00 9A CA 2B 00 1C 09 15 00 00 00 00 00 1C 09 15 00 9D 9C 30 00 00 00 00 00 9D 9C 30 00 E9 2A 18 00 00 00 00 00 E9 2A 18 00 9F B4 0B 00 00 00 00 00 9F B4 0B 00 D2 DE 1A 00 00 00 00 00 D2 DE 1A
2026-04-21   7:07:48.620 오후   RX       104 00 4F 12 4B 00 00 00 00 00 4F 12 4B 00 B4 57 23 00 00 00 00 00 B4 57 23 00 A7 07 53 00 00 00 00 00 A7 07 53 00 00 00 00 00 00 00 00 00 00 00 00 00 00 00 00 00 00 00 00 00 00 00 00 00 00 00 00 00 00 00 00 00 00 00 00 00 0E 7B 8B 00 00 00 00 00 0E 7B 8B 00 74 95 42 00 00 00 00 00 74 95 42 00 5B A8 9A 00 00 00 00
2026-04-21   7:07:48.679 오후   RX        52 00 5B A8 9A 00 26 A9 2A 00 00 00 00 00 26 A9 2A 00 05 8D 14 00 00 00 00 00 05 8D 14 00 9F 61 2F 00 00 00 00 00 9F 61 2F 00 00 93 17 00 00 00 00 00 00 7B B0
2026-04-21   7:07:48.679 오후   TX        13 2F 02 08 00 08 16 33 CE 2D 00 80 52 82
2026-04-21   7:07:48.931 오후   RX       104 2F 02 FF 00 08 16 33 CE 2D 00 73 04 93 17 00 B9 73 0B 00 00 00 00 00 B9 73 0B 00 9A 39 1A 00 00 00 00 00 9A 39 1A 00 E7 3E 49 00 00 00 00 00 E7 3E 49 00 B5 94 22 00 00 00 00 00 B5 94 22 00 21 0D 51 00 00 00 00 00 21 0D 51 00 00 00 00 00 00 00 00 00 00 00 00 00 00 00 00 00 00 00 00 00 00 00 00 00 00 00 00 00 00
2026-04-21   7:07:49.037 오후   RX       104 00 00 00 00 00 00 00 28 0B 88 00 00 00 00 00 28 0B 88 00 02 27 41 00 00 00 00 00 02 27 41 00 13 EF 96 00 00 00 00 00 13 EF 96 00 06 96 29 00 00 00 00 00 06 96 29 00 E5 18 14 00 00 00 00 00 E5 18 14 00 F5 36 2E 00 00 00 00 00 F5 36 2E 00 8D F5 16 00 00 00 00 00 8D F5 16 00 DA 30 0B 00 00 00 00 00 DA 30 0B 00 85
2026-04-21   7:07:49.094 오후   RX        52 8E 19 00 00 00 00 00 85 8E 19 00 93 7F 47 00 00 00 00 00 93 7F 47 00 42 DD 21 00 00 00 00 00 42 DD 21 00 98 29 4F 00 00 00 00 00 98 29 4F 00 00 00 00 FC 37
2026-04-21   7:07:49.094 오후   TX        13 2F 02 08 00 08 16 33 CE 2D 00 80 52 82
2026-04-21   7:07:49.234 오후   RX        47 2F 02 2A 00 08 16 33 CE 2D 00 53 85 00 00 00 00 00 00 00 00 00 00 00 00 00 00 00 00 00 00 00 00 00 00 00 00 00 00 00 00 00 00 00 00 00 FA 5B
2026-04-21   7:07:49.234 오후   TX        13 2F 02 08 00 08 16 33 CE 2D 00 80 52 82
2026-04-21   7:07:49.234 오후   TX        17 2F 02 0C 00 08 16 33 CE 2D 00 C4 C0 01 05 2F B5 A7
2026-04-21   7:07:49.556 오후   RX       104 2F 02 FF 00 08 16 33 CE 2D 00 73 40 81 05 2F 2C 01 00 00 00 00 00 00 2C 01 00 00 95 00 00 00 00 00 00 00 95 00 00 00 4E 01 00 00 00 00 00 00 4E 01 00 00 2C 01 00 00 00 00 00 00 2C 01 00 00 95 00 00 00 00 00 00 00 95 00 00 00 4E 01 00 00 00 00 00 00 4E 01 00 00 2B 01 00 00 00 00 00 00 2B 01 00 00 95 00 00 00 00
2026-04-21   7:07:49.666 오후   RX       104 00 00 00 95 00 00 00 4E 01 00 00 00 00 00 00 4E 01 00 00 2B 01 00 00 00 00 00 00 2B 01 00 00 92 00 00 00 00 00 00 00 92 00 00 00 4C 01 00 00 00 00 00 00 4C 01 00 00 00 00 00 00 00 00 00 00 00 00 00 00 00 00 00 00 00 00 00 00 00 00 00 00 00 00 00 00 00 00 00 00 00 00 00 00 C4 00 00 00 00 00 00 00 C4 00 00 00 5E
2026-04-21   7:07:49.725 오후   RX        52 00 00 00 00 00 00 00 5E 00 00 00 DA 00 00 00 00 00 00 00 DA 00 00 00 AE 00 00 00 00 00 00 00 AE 00 00 00 5A 00 00 00 00 00 00 00 5A 00 00 00 C3 00 00 36 A5
2026-04-21   7:07:49.725 오후   TX        13 2F 02 08 00 08 16 33 CE 2D 00 80 52 82
2026-04-21   7:07:49.977 오후   RX       104 2F 02 FF 00 08 16 33 CE 2D 00 53 01 00 00 00 00 00 C3 00 00 00 AC 00 00 00 00 00 00 00 AC 00 00 00 59 00 00 00 00 00 00 00 59 00 00 00 C2 00 00 00 00 00 00 00 C2 00 00 00 C4 00 00 00 00 00 00 00 C4 00 00 00 5E 00 00 00 00 00 00 00 5E 00 00 00 DA 00 00 00 00 00 00 00 DA 00 00 00 00 00 00 00 00 00 00 00 00 00 00
2026-04-21   7:07:50.087 오후   RX       104 00 00 00 00 00 00 00 00 00 00 00 00 00 00 00 00 00 00 00 00 00 00 00 00 00 34 01 00 00 00 00 00 00 34 01 00 00 87 00 00 00 00 00 00 00 87 00 00 00 51 01 00 00 00 00 00 00 51 01 00 00 32 01 00 00 00 00 00 00 32 01 00 00 85 00 00 00 00 00 00 00 85 00 00 00 4D 01 00 00 00 00 00 00 4D 01 00 00 34 01 00 00 00 00 00
2026-04-21   7:07:50.144 오후   RX        52 00 34 01 00 00 87 00 00 00 00 00 00 00 87 00 00 00 51 01 00 00 00 00 00 00 51 01 00 00 32 01 00 00 00 00 00 00 32 01 00 00 81 00 00 00 00 00 00 00 81 0D 7C
2026-04-21   7:07:50.148 오후   TX        13 2F 02 08 00 00 00 00 00 00 00 C0 71 A2
2026-04-21   7:07:50.255 오후   RX        13 2F 02 08 00 08 16 33 CE 2D 00 00 F2 83
2026-04-21   7:07:50.255 오후   TX        29 2F 02 18 00 08 16 33 CE 2D 00 F1 31 32 33 34 35 36 37 38 00 00 00 00 00 00 00 00 DB 67
2026-04-21   7:07:50.397 오후   RX        29 2F 02 18 00 08 16 33 CE 2D 00 00 CE CD CC CB CA C9 C8 C7 EC DC CC BC AC 9C 8C 7C 14 A4
2026-04-21   7:07:50.397 오후   TX        29 2F 02 18 00 08 16 33 CE 2D 00 F1 00 00 00 00 00 00 00 00 CE CD CC CB CA C9 C8 C7 95 8F
2026-04-21   7:07:50.538 오후   RX        29 2F 02 18 00 08 16 33 CE 2D 00 00 FF FF FF FF FF FF FF FF FF FF FF FF FF FF FF FF FE 06
2026-04-21   7:07:50.538 오후   TX        17 2F 02 0C 00 08 16 33 CE 2D 00 C4 C0 01 04 1F 31 A6
2026-04-21   7:07:50.802 오후   RX       104 2F 02 FF 00 08 16 33 CE 2D 00 73 40 81 04 1F 08 03 14 00 0A 00 08 16 33 CE 2D 53 EA 07 04 15 13 08 18 02 E6 07 05 13 0E 29 1E EA 07 04 10 00 00 00 00 00 00 00 00 00 00 00 00 00 00 00 00 00 00 00 00 00 00 00 00 00 00 00 00 00 00 00 00 00 00 00 00 00 00 00 00 00 00 00 00 00 00 00 00 00 00 00 00 00 00 00 00 00 00
2026-04-21   7:07:50.913 오후   RX       104 00 00 00 00 00 00 00 00 00 00 00 00 00 00 00 00 00 00 00 00 00 00 00 00 00 00 00 00 00 00 00 00 00 00 00 00 00 00 00 00 00 00 00 00 00 00 00 00 00 00 00 00 00 00 00 00 00 00 00 00 00 00 00 00 00 00 00 00 00 00 00 00 00 00 00 00 00 00 00 00 00 00 00 00 00 00 00 00 00 00 00 00 00 00 00 00 00 00 00 00 00 00 00 00
2026-04-21   7:07:50.972 오후   RX        52 00 00 00 00 00 00 00 00 00 00 00 00 00 00 00 00 00 00 00 00 00 00 00 00 00 00 00 00 00 00 00 00 00 00 00 00 00 00 00 00 00 00 00 00 00 00 00 00 00 00 9F B6
2026-04-21   7:07:50.972 오후   TX        13 2F 02 08 00 08 16 33 CE 2D 00 80 52 82
2026-04-21   7:07:51.202 오후   RX       104 2F 02 77 00 08 16 33 CE 2D 00 53 81 00 00 00 EA 07 04 10 00 00 00 E8 07 06 01 00 00 00 E7 07 05 18 00 00 00 E7 07 01 01 00 00 00 00 00 00 00 00 00 00 00 00 00 00 00 00 00 00 00 00 00 00 00 00 00 00 00 00 00 00 00 00 00 00 00 00 00 00 00 00 00 00 00 00 00 00 00 00 00 00 00 00 00 00 00 00 00 00 00 00 00 00 00 00
2026-04-21   7:07:51.225 오후   RX        20 00 00 00 00 00 00 00 00 00 00 00 00 00 00 00 00 04 00 E4 BB
2026-04-21   7:07:51.225 오후   TX        13 2F 02 08 00 08 16 33 CE 2D 00 80 52 82
2026-04-21   7:07:51.225 오후   TX        17 2F 02 0C 00 08 16 33 CE 2D 00 C4 C0 01 04 2F 25 A6
2026-04-21   7:07:51.518 오후   RX       104 2F 02 FF 00 08 16 33 CE 2D 00 73 40 81 04 2F 02 01 02 00 00 00 00 00 00 00 00 00 00 00 00 00 00 00 00 00 00 00 00 00 00 00 00 00 00 00 00 00 00 00 00 00 00 00 00 00 00 00 00 00 00 00 00 00 00 00 00 00 00 00 00 00 00 00 00 00 00 00 00 00 00 EA 07 04 10 00 00 00 40 EA 07 04 01 00 00 00 01 EA 07 03 01 00 00 00 03
2026-04-21   7:07:51.618 오후   RX       104 EA 07 02 01 00 00 00 01 EA 07 01 01 00 00 00 01 E9 07 0C 01 00 00 00 01 E9 07 0B 01 00 00 00 03 E9 07 0A 01 00 00 00 01 E9 07 09 01 00 00 00 03 E9 07 08 01 00 00 00 01 E9 07 07 01 00 00 00 01 E9 07 06 01 00 00 00 03 E9 07 05 01 00 00 00 01 E9 07 04 01 00 00 00 01 E9 07 03 01 00 00 00 03 31 00 EA 07 04 10 00 00
2026-04-21   7:07:51.683 오후   RX        52 00 40 EA 07 04 01 00 00 00 01 EA 07 03 01 00 00 00 01 EA 07 02 01 00 00 00 01 EA 07 01 01 00 00 00 01 E9 07 0C 01 00 00 00 01 E9 07 0B 01 00 00 00 01 89 50
2026-04-21   7:07:51.683 오후   TX        13 2F 02 08 00 08 16 33 CE 2D 00 80 52 82
2026-04-21   7:07:51.936 오후   RX       104 2F 02 FF 00 08 16 33 CE 2D 00 53 01 E9 07 0A 01 00 00 00 01 E9 07 09 01 00 00 00 01 E9 07 08 01 00 00 00 01 E9 07 07 01 00 00 00 01 E9 07 06 01 00 00 00 01 E9 07 05 01 00 00 00 01 E9 07 04 01 00 00 00 01 E9 07 03 01 00 00 00 01 31 00 00 00 00 00 00 00 00 00 00 00 00 00 00 00 00 00 00 00 00 00 00 00 00 00 00 00
2026-04-21   7:07:52.041 오후   RX       104 00 00 00 00 00 00 00 00 00 00 00 00 00 00 00 00 00 00 00 00 00 00 00 00 00 00 00 00 00 00 00 00 00 00 00 00 00 00 00 00 00 00 00 00 00 00 00 00 00 00 00 00 00 00 00 00 00 00 00 00 00 00 00 00 00 00 00 00 00 00 00 00 00 00 00 00 00 00 00 00 00 00 00 00 00 00 00 00 00 00 00 00 00 00 00 00 00 00 00 00 00 00 00 00
2026-04-21   7:07:52.098 오후   RX        52 00 00 00 00 00 00 00 00 00 00 00 00 00 00 00 00 00 00 00 00 00 00 00 00 00 00 00 00 00 00 00 00 00 00 00 00 00 00 00 00 00 00 00 00 00 00 00 00 00 00 FC 71
2026-04-21   7:07:52.098 오후   TX        13 2F 02 08 00 08 16 33 CE 2D 00 80 52 82
2026-04-21   7:07:52.216 오후   RX        23 2F 02 12 00 08 16 33 CE 2D 00 73 82 00 00 00 00 00 00 00 00 00 C6 39
2026-04-21   7:07:52.216 오후   TX        13 2F 02 08 00 08 16 33 CE 2D 00 80 52 82
2026-04-21   7:07:52.216 오후   TX        17 2F 02 0C 00 08 16 33 CE 2D 00 C4 C0 01 04 7F 19 A6
2026-04-21   7:07:52.510 오후   RX       104 2F 02 A1 00 08 16 33 CE 2D 00 53 C0 81 04 7F 67 00 00 00 00 00 00 00 B4 00 00 00 1C 01 00 00 00 00 00 00 00 00 00 00 00 00 00 00 00 00 00 00 96 00 00 00 00 00 00 00 00 00 00 00 88 00 00 00 00 00 00 00 00 00 00 00 0E 00 00 00 00 00 00 00 B6 00 00 00 00 00 00 00 B5 00 00 00 3B 01 00 00 3D C0 01 00 00 00 00 00 16
2026-04-21   7:07:52.581 오후   RX        62 C1 01 00 39 06 00 00 00 00 00 00 2A 06 00 00 01 7B EA 00 00 21 16 00 00 00 00 00 00 F0 26 00 00 85 0D 00 00 37 00 00 00 00 00 00 00 64 01 00 00 96 01 00 00 00 00 00 00 8F 01 00 00 40 57
2026-04-21   7:07:52.581 오후   TX        13 2F 02 08 00 08 16 33 CE 2D 00 80 52 82
2026-04-21   7:07:52.581 오후   TX        17 2F 02 0C 00 08 16 33 CE 2D 00 C4 C0 01 05 9F 01 A6
2026-04-21   7:07:52.881 오후   RX       104 2F 02 98 00 08 16 33 CE 2D 00 73 C0 81 05 9F 6D 23 00 00 71 23 00 00 62 23 00 00 6E 23 00 00 00 00 00 00 9B 22 00 00 88 22 00 00 AE 22 00 00 9F 22 00 00 00 00 00 00 D2 23 00 00 BD 23 00 00 A9 23 00 00 EB 23 00 00 00 00 00 00 4F 24 00 00 38 24 00 00 4C 24 00 00 5C 24 00 00 00 00 00 00 FB 23 00 00 E7 23 00 00 EB
2026-04-21   7:07:52.942 오후   RX        53 23 00 00 0D 24 00 00 00 00 00 00 0F 24 00 00 FC 23 00 00 F4 23 00 00 24 24 00 00 00 00 00 00 90 23 00 00 7D 23 00 00 6D 23 00 00 A8 23 00 00 00 00 00 00 E9 D8
2026-04-21   7:07:52.942 오후   TX        13 2F 02 08 00 08 16 33 CE 2D 00 80 52 82
2026-04-21   7:07:52.942 오후   TX        17 2F 02 0C 00 08 16 33 CE 2D 00 C4 C0 01 05 7F 89 A7
2026-04-21   7:07:53.209 오후   RX       104 2F 02 98 00 08 16 33 CE 2D 00 53 C0 81 05 7F 3B 23 00 00 3B 23 00 00 F7 22 00 00 2F 23 00 00 00 00 00 00 34 23 00 00 AE 22 00 00 BA 22 00 00 34 23 00 00 00 00 00 00 C3 23 00 00 02 24 00 00 C3 23 00 00 20 24 00 00 00 00 00 00 C9 23 00 00 C9 23 00 00 D1 23 00 00 03 24 00 00 00 00 00 00 D6 23 00 00 D6 23 00 00 AC
2026-04-21   7:07:53.268 오후   RX        53 23 00 00 AE 23 00 00 00 00 00 00 78 23 00 00 78 23 00 00 84 23 00 00 E4 23 00 00 00 00 00 00 F4 23 00 00 F4 23 00 00 B0 23 00 00 13 24 00 00 00 00 00 00 86 4B
2026-04-21   7:07:53.268 오후   TX        13 2F 02 08 00 08 16 33 CE 2D 00 80 52 82
2026-04-21   7:07:53.268 오후   TX        17 2F 02 0C 00 08 16 33 CE 2D 00 C4 C0 01 05 1F A1 A7
2026-04-21   7:07:53.594 오후   RX       104 2F 02 FF 00 08 16 33 CE 2D 00 73 40 81 05 1F 57 B6 95 00 00 00 00 00 57 B6 95 00 D6 EF 46 00 00 00 00 00 D6 EF 46 00 9E C8 A5 00 00 00 00 00 9E C8 A5 00 26 C4 2D 00 00 00 00 00 26 C4 2D 00 9B E4 15 00 00 00 00 00 9B E4 15 00 3A C4 32 00 00 00 00 00 3A C4 32 00 02 41 19 00 00 00 00 00 02 41 19 00 A4 2D 0C 00 00
2026-04-21   7:07:53.700 오후   RX       104 00 00 00 A4 2D 0C 00 62 0E 1C 00 00 00 00 00 62 0E 1C 00 2E B1 4E 00 00 00 00 00 2E B1 4E 00 96 DD 24 00 00 00 00 00 96 DD 24 00 00 F6 56 00 00 00 00 00 00 F6 56 00 00 00 00 00 00 00 00 00 00 00 00 00 00 00 00 00 00 00 00 00 00 00 00 00 00 00 00 00 00 00 00 00 00 00 00 00 E7 21 95 00 00 00 00 00 E7 21 95 00 E4
2026-04-21   7:07:53.759 오후   RX        52 AA 46 00 00 00 00 00 E4 AA 46 00 EB 24 A5 00 00 00 00 00 EB 24 A5 00 53 94 2D 00 00 00 00 00 53 94 2D 00 72 CE 15 00 00 00 00 00 72 CE 15 00 81 8F 32 CA C9
2026-04-21   7:07:53.759 오후   TX        13 2F 02 08 00 08 16 33 CE 2D 00 80 52 82
2026-04-21   7:07:54.004 오후   RX       104 2F 02 FF 00 08 16 33 CE 2D 00 53 01 00 00 00 00 00 81 8F 32 00 E1 28 19 00 00 00 00 00 E1 28 19 00 5C 22 0C 00 00 00 00 00 5C 22 0C 00 BE F3 1B 00 00 00 00 00 BE F3 1B 00 B2 64 4E 00 00 00 00 00 B2 64 4E 00 15 BA 24 00 00 00 00 00 15 BA 24 00 AB A1 56 00 00 00 00 00 AB A1 56 00 00 00 00 00 00 00 00 00 00 00 00
2026-04-21   7:07:54.118 오후   RX       104 00 00 00 00 00 00 00 00 00 00 00 00 00 00 00 00 00 00 00 00 00 00 00 00 00 7F A0 94 00 00 00 00 00 7F A0 94 00 22 67 46 00 00 00 00 00 22 67 46 00 95 92 A4 00 00 00 00 00 95 92 A4 00 F9 6A 2D 00 00 00 00 00 F9 6A 2D 00 95 B8 15 00 00 00 00 00 95 B8 15 00 A2 60 32 00 00 00 00 00 A2 60 32 00 44 0E 19 00 00 00 00
2026-04-21   7:07:54.177 오후   RX        52 00 44 0E 19 00 91 14 0C 00 00 00 00 00 91 14 0C 00 B8 D5 1B 00 00 00 00 00 B8 D5 1B 00 41 27 4E 00 00 00 00 00 41 27 4E 00 FB 99 24 00 00 00 00 00 FB B0 7A
2026-04-21   7:07:54.177 오후   TX        13 2F 02 08 00 08 16 33 CE 2D 00 80 52 82
2026-04-21   7:07:54.466 오후   RX       104 2F 02 FF 00 08 16 33 CE 2D 00 73 02 99 24 00 39 5C 56 00 00 00 00 00 39 5C 56 00 00 00 00 00 00 00 00 00 00 00 00 00 00 00 00 00 00 00 00 00 00 00 00 00 00 00 00 00 00 00 00 00 00 00 00 00 0F 03 92 00 00 00 00 00 0F 03 92 00 1F 44 45 00 00 00 00 00 1F 44 45 00 5D B8 A1 00 00 00 00 00 5D B8 A1 00 E1 A5 2C 00 00
2026-04-21   7:07:54.578 오후   RX       104 00 00 00 E1 A5 2C 00 A3 61 15 00 00 00 00 00 A3 61 15 00 24 89 31 00 00 00 00 00 24 89 31 00 FD 9D 18 00 00 00 00 00 FD 9D 18 00 60 E2 0B 00 00 00 00 00 60 E2 0B 00 B1 5A 1B 00 00 00 00 00 B1 5A 1B 00 30 BF 4C 00 00 00 00 00 30 BF 4C 00 1A 00 24 00 00 00 00 00 1A 00 24 00 87 D4 54 00 00 00 00 00 87 D4 54 00 00
2026-04-21   7:07:54.631 오후   RX        52 00 00 00 00 00 00 00 00 00 00 00 00 00 00 00 00 00 00 00 00 00 00 00 00 00 00 00 00 00 00 00 00 00 00 00 D3 07 8F 00 00 00 00 00 D3 07 8F 00 70 15 44 C4 66
2026-04-21   7:07:54.631 오후   TX        13 2F 02 08 00 08 16 33 CE 2D 00 80 52 82
2026-04-21   7:07:54.884 오후   RX       104 2F 02 FF 00 08 16 33 CE 2D 00 53 03 00 00 00 00 00 70 15 44 00 17 83 9E 00 00 00 00 00 17 83 9E 00 9A CA 2B 00 00 00 00 00 9A CA 2B 00 1C 09 15 00 00 00 00 00 1C 09 15 00 9D 9C 30 00 00 00 00 00 9D 9C 30 00 E9 2A 18 00 00 00 00 00 E9 2A 18 00 9F B4 0B 00 00 00 00 00 9F B4 0B 00 D2 DE 1A 00 00 00 00 00 D2 DE 1A
2026-04-21   7:07:54.989 오후   RX       104 00 4F 12 4B 00 00 00 00 00 4F 12 4B 00 B4 57 23 00 00 00 00 00 B4 57 23 00 A7 07 53 00 00 00 00 00 A7 07 53 00 00 00 00 00 00 00 00 00 00 00 00 00 00 00 00 00 00 00 00 00 00 00 00 00 00 00 00 00 00 00 00 00 00 00 00 00 0E 7B 8B 00 00 00 00 00 0E 7B 8B 00 74 95 42 00 00 00 00 00 74 95 42 00 5B A8 9A 00 00 00 00
2026-04-21   7:07:55.053 오후   RX        52 00 5B A8 9A 00 26 A9 2A 00 00 00 00 00 26 A9 2A 00 05 8D 14 00 00 00 00 00 05 8D 14 00 9F 61 2F 00 00 00 00 00 9F 61 2F 00 00 93 17 00 00 00 00 00 00 7B B0
2026-04-21   7:07:55.053 오후   TX        13 2F 02 08 00 08 16 33 CE 2D 00 80 52 82
2026-04-21   7:07:55.300 오후   RX       104 2F 02 FF 00 08 16 33 CE 2D 00 73 04 93 17 00 B9 73 0B 00 00 00 00 00 B9 73 0B 00 9A 39 1A 00 00 00 00 00 9A 39 1A 00 E7 3E 49 00 00 00 00 00 E7 3E 49 00 B5 94 22 00 00 00 00 00 B5 94 22 00 21 0D 51 00 00 00 00 00 21 0D 51 00 00 00 00 00 00 00 00 00 00 00 00 00 00 00 00 00 00 00 00 00 00 00 00 00 00 00 00 00 00
2026-04-21   7:07:55.410 오후   RX       104 00 00 00 00 00 00 00 28 0B 88 00 00 00 00 00 28 0B 88 00 02 27 41 00 00 00 00 00 02 27 41 00 13 EF 96 00 00 00 00 00 13 EF 96 00 06 96 29 00 00 00 00 00 06 96 29 00 E5 18 14 00 00 00 00 00 E5 18 14 00 F5 36 2E 00 00 00 00 00 F5 36 2E 00 8D F5 16 00 00 00 00 00 8D F5 16 00 DA 30 0B 00 00 00 00 00 DA 30 0B 00 85
2026-04-21   7:07:55.469 오후   RX        52 8E 19 00 00 00 00 00 85 8E 19 00 93 7F 47 00 00 00 00 00 93 7F 47 00 42 DD 21 00 00 00 00 00 42 DD 21 00 98 29 4F 00 00 00 00 00 98 29 4F 00 00 00 00 FC 37
2026-04-21   7:07:55.469 오후   TX        13 2F 02 08 00 08 16 33 CE 2D 00 80 52 82
2026-04-21   7:07:55.611 오후   RX        47 2F 02 2A 00 08 16 33 CE 2D 00 53 85 00 00 00 00 00 00 00 00 00 00 00 00 00 00 00 00 00 00 00 00 00 00 00 00 00 00 00 00 00 00 00 00 00 FA 5B
2026-04-21   7:07:55.611 오후   TX        13 2F 02 08 00 08 16 33 CE 2D 00 80 52 82
2026-04-21   7:07:55.611 오후   TX        17 2F 02 0C 00 08 16 33 CE 2D 00 C4 C0 01 05 2F B5 A7
2026-04-21   7:07:55.938 오후   RX       104 2F 02 FF 00 08 16 33 CE 2D 00 73 40 81 05 2F 2C 01 00 00 00 00 00 00 2C 01 00 00 95 00 00 00 00 00 00 00 95 00 00 00 4E 01 00 00 00 00 00 00 4E 01 00 00 2C 01 00 00 00 00 00 00 2C 01 00 00 95 00 00 00 00 00 00 00 95 00 00 00 4E 01 00 00 00 00 00 00 4E 01 00 00 2B 01 00 00 00 00 00 00 2B 01 00 00 95 00 00 00 00
2026-04-21   7:07:56.042 오후   RX       104 00 00 00 95 00 00 00 4E 01 00 00 00 00 00 00 4E 01 00 00 2B 01 00 00 00 00 00 00 2B 01 00 00 92 00 00 00 00 00 00 00 92 00 00 00 4C 01 00 00 00 00 00 00 4C 01 00 00 00 00 00 00 00 00 00 00 00 00 00 00 00 00 00 00 00 00 00 00 00 00 00 00 00 00 00 00 00 00 00 00 00 00 00 00 C4 00 00 00 00 00 00 00 C4 00 00 00 5E
2026-04-21   7:07:56.100 오후   RX        52 00 00 00 00 00 00 00 5E 00 00 00 DA 00 00 00 00 00 00 00 DA 00 00 00 AE 00 00 00 00 00 00 00 AE 00 00 00 5A 00 00 00 00 00 00 00 5A 00 00 00 C3 00 00 36 A5
2026-04-21   7:07:56.100 오후   TX        13 2F 02 08 00 08 16 33 CE 2D 00 80 52 82
2026-04-21   7:07:56.354 오후   RX       104 2F 02 FF 00 08 16 33 CE 2D 00 53 01 00 00 00 00 00 C3 00 00 00 AC 00 00 00 00 00 00 00 AC 00 00 00 59 00 00 00 00 00 00 00 59 00 00 00 C2 00 00 00 00 00 00 00 C2 00 00 00 C4 00 00 00 00 00 00 00 C4 00 00 00 5E 00 00 00 00 00 00 00 5E 00 00 00 DA 00 00 00 00 00 00 00 DA 00 00 00 00 00 00 00 00 00 00 00 00 00 00
2026-04-21   7:07:56.467 오후   RX       104 00 00 00 00 00 00 00 00 00 00 00 00 00 00 00 00 00 00 00 00 00 00 00 00 00 34 01 00 00 00 00 00 00 34 01 00 00 87 00 00 00 00 00 00 00 87 00 00 00 51 01 00 00 00 00 00 00 51 01 00 00 32 01 00 00 00 00 00 00 32 01 00 00 85 00 00 00 00 00 00 00 85 00 00 00 4D 01 00 00 00 00 00 00 4D 01 00 00 34 01 00 00 00 00 00
2026-04-21   7:07:56.519 오후   RX        52 00 34 01 00 00 87 00 00 00 00 00 00 00 87 00 00 00 51 01 00 00 00 00 00 00 51 01 00 00 32 01 00 00 00 00 00 00 32 01 00 00 81 00 00 00 00 00 00 00 81 0D 7C
2026-04-21   7:07:56.527 오후   TX        13 2F 02 08 00 00 00 00 00 00 00 C0 71 A2
2026-04-21   7:07:56.636 오후   RX        13 2F 02 08 00 08 16 33 CE 2D 00 00 F2 83
2026-04-21   7:07:56.636 오후   TX        29 2F 02 18 00 08 16 33 CE 2D 00 F1 31 32 33 34 35 36 37 38 00 00 00 00 00 00 00 00 DB 67
2026-04-21   7:07:56.776 오후   RX        29 2F 02 18 00 08 16 33 CE 2D 00 00 CE CD CC CB CA C9 C8 C7 EC DC CC BC AC 9C 8C 7C 14 A4
2026-04-21   7:07:56.776 오후   TX        29 2F 02 18 00 08 16 33 CE 2D 00 F1 00 00 00 00 00 00 00 00 CE CD CC CB CA C9 C8 C7 95 8F
2026-04-21   7:07:56.918 오후   RX        29 2F 02 18 00 08 16 33 CE 2D 00 00 FF FF FF FF FF FF FF FF FF FF FF FF FF FF FF FF FE 06
2026-04-21   7:07:56.918 오후   TX        17 2F 02 0C 00 08 16 33 CE 2D 00 C4 C0 01 04 1F 31 A6
2026-04-21   7:07:57.186 오후   RX       104 2F 02 FF 00 08 16 33 CE 2D 00 73 40 81 04 1F 08 03 14 00 0A 00 08 16 33 CE 2D 53 EA 07 04 15 13 08 1E 02 E6 07 05 13 0E 29 1E EA 07 04 10 00 00 00 00 00 00 00 00 00 00 00 00 00 00 00 00 00 00 00 00 00 00 00 00 00 00 00 00 00 00 00 00 00 00 00 00 00 00 00 00 00 00 00 00 00 00 00 00 00 00 00 00 00 00 00 00 00 00
2026-04-21   7:07:57.293 오후   RX       104 00 00 00 00 00 00 00 00 00 00 00 00 00 00 00 00 00 00 00 00 00 00 00 00 00 00 00 00 00 00 00 00 00 00 00 00 00 00 00 00 00 00 00 00 00 00 00 00 00 00 00 00 00 00 00 00 00 00 00 00 00 00 00 00 00 00 00 00 00 00 00 00 00 00 00 00 00 00 00 00 00 00 00 00 00 00 00 00 00 00 00 00 00 00 00 00 00 00 00 00 00 00 00 00
2026-04-21   7:07:57.351 오후   RX        52 00 00 00 00 00 00 00 00 00 00 00 00 00 00 00 00 00 00 00 00 00 00 00 00 00 00 00 00 00 00 00 00 00 00 00 00 00 00 00 00 00 00 00 00 00 00 00 00 00 00 05 E9
2026-04-21   7:07:57.351 오후   TX        13 2F 02 08 00 08 16 33 CE 2D 00 80 52 82
2026-04-21   7:07:57.578 오후   RX       104 2F 02 77 00 08 16 33 CE 2D 00 53 81 00 00 00 EA 07 04 10 00 00 00 E8 07 06 01 00 00 00 E7 07 05 18 00 00 00 E7 07 01 01 00 00 00 00 00 00 00 00 00 00 00 00 00 00 00 00 00 00 00 00 00 00 00 00 00 00 00 00 00 00 00 00 00 00 00 00 00 00 00 00 00 00 00 00 00 00 00 00 00 00 00 00 00 00 00 00 00 00 00 00 00 00 00 00
2026-04-21   7:07:57.602 오후   RX        20 00 00 00 00 00 00 00 00 00 00 00 00 00 00 00 00 04 00 E4 BB
2026-04-21   7:07:57.602 오후   TX        13 2F 02 08 00 08 16 33 CE 2D 00 80 52 82
2026-04-21   7:07:57.602 오후   TX        17 2F 02 0C 00 08 16 33 CE 2D 00 C4 C0 01 04 2F 25 A6
2026-04-21   7:07:57.895 오후   RX       104 2F 02 FF 00 08 16 33 CE 2D 00 73 40 81 04 2F 02 01 02 00 00 00 00 00 00 00 00 00 00 00 00 00 00 00 00 00 00 00 00 00 00 00 00 00 00 00 00 00 00 00 00 00 00 00 00 00 00 00 00 00 00 00 00 00 00 00 00 00 00 00 00 00 00 00 00 00 00 00 00 00 00 EA 07 04 10 00 00 00 40 EA 07 04 01 00 00 00 01 EA 07 03 01 00 00 00 03
2026-04-21   7:07:58.005 오후   RX       104 EA 07 02 01 00 00 00 01 EA 07 01 01 00 00 00 01 E9 07 0C 01 00 00 00 01 E9 07 0B 01 00 00 00 03 E9 07 0A 01 00 00 00 01 E9 07 09 01 00 00 00 03 E9 07 08 01 00 00 00 01 E9 07 07 01 00 00 00 01 E9 07 06 01 00 00 00 03 E9 07 05 01 00 00 00 01 E9 07 04 01 00 00 00 01 E9 07 03 01 00 00 00 03 31 00 EA 07 04 10 00 00
2026-04-21   7:07:58.058 오후   RX        52 00 40 EA 07 04 01 00 00 00 01 EA 07 03 01 00 00 00 01 EA 07 02 01 00 00 00 01 EA 07 01 01 00 00 00 01 E9 07 0C 01 00 00 00 01 E9 07 0B 01 00 00 00 01 89 50
2026-04-21   7:07:58.058 오후   TX        13 2F 02 08 00 08 16 33 CE 2D 00 80 52 82
2026-04-21   7:07:58.307 오후   RX       104 2F 02 FF 00 08 16 33 CE 2D 00 53 01 E9 07 0A 01 00 00 00 01 E9 07 09 01 00 00 00 01 E9 07 08 01 00 00 00 01 E9 07 07 01 00 00 00 01 E9 07 06 01 00 00 00 01 E9 07 05 01 00 00 00 01 E9 07 04 01 00 00 00 01 E9 07 03 01 00 00 00 01 31 00 00 00 00 00 00 00 00 00 00 00 00 00 00 00 00 00 00 00 00 00 00 00 00 00 00 00
2026-04-21   7:07:58.412 오후   RX       104 00 00 00 00 00 00 00 00 00 00 00 00 00 00 00 00 00 00 00 00 00 00 00 00 00 00 00 00 00 00 00 00 00 00 00 00 00 00 00 00 00 00 00 00 00 00 00 00 00 00 00 00 00 00 00 00 00 00 00 00 00 00 00 00 00 00 00 00 00 00 00 00 00 00 00 00 00 00 00 00 00 00 00 00 00 00 00 00 00 00 00 00 00 00 00 00 00 00 00 00 00 00 00 00
2026-04-21   7:07:58.476 오후   RX        52 00 00 00 00 00 00 00 00 00 00 00 00 00 00 00 00 00 00 00 00 00 00 00 00 00 00 00 00 00 00 00 00 00 00 00 00 00 00 00 00 00 00 00 00 00 00 00 00 00 00 FC 71
2026-04-21   7:07:58.476 오후   TX        13 2F 02 08 00 08 16 33 CE 2D 00 80 52 82
2026-04-21   7:07:58.604 오후   RX        23 2F 02 12 00 08 16 33 CE 2D 00 73 82 00 00 00 00 00 00 00 00 00 C6 39
2026-04-21   7:07:58.604 오후   TX        13 2F 02 08 00 08 16 33 CE 2D 00 80 52 82
2026-04-21   7:07:58.604 오후   TX        17 2F 02 0C 00 08 16 33 CE 2D 00 C4 C0 01 04 7F 19 A6
2026-04-21   7:07:58.894 오후   RX       104 2F 02 A1 00 08 16 33 CE 2D 00 53 C0 81 04 7F 67 00 00 00 00 00 00 00 B4 00 00 00 1B 01 00 00 00 00 00 00 00 00 00 00 00 00 00 00 00 00 00 00 96 00 00 00 00 00 00 00 00 00 00 00 87 00 00 00 00 00 00 00 00 00 00 00 0E 00 00 00 00 00 00 00 B6 00 00 00 00 00 00 00 B5 00 00 00 3A 01 00 00 22 C0 01 00 00 00 00 00 F3
2026-04-21   7:07:58.964 오후   RX        62 C0 01 00 37 06 00 00 00 00 00 00 28 06 00 00 01 80 EA 00 00 27 16 00 00 00 00 00 00 EF 26 00 00 6A 0D 00 00 37 00 00 00 00 00 00 00 64 01 00 00 00 00 00 00 00 00 00 00 00 00 00 00 4F EE
2026-04-21   7:07:58.964 오후   TX        13 2F 02 08 00 08 16 33 CE 2D 00 80 52 82
2026-04-21   7:07:58.964 오후   TX        17 2F 02 0C 00 08 16 33 CE 2D 00 C4 C0 01 05 9F 01 A6
2026-04-21   7:07:59.254 오후   RX       104 2F 02 98 00 08 16 33 CE 2D 00 73 C0 81 05 9F 6D 23 00 00 71 23 00 00 62 23 00 00 6E 23 00 00 00 00 00 00 9B 22 00 00 88 22 00 00 AE 22 00 00 9F 22 00 00 00 00 00 00 D2 23 00 00 BD 23 00 00 A9 23 00 00 EB 23 00 00 00 00 00 00 4F 24 00 00 38 24 00 00 4C 24 00 00 5C 24 00 00 00 00 00 00 FB 23 00 00 E7 23 00 00 EB
2026-04-21   7:07:59.313 오후   RX        53 23 00 00 0D 24 00 00 00 00 00 00 0F 24 00 00 FC 23 00 00 F4 23 00 00 24 24 00 00 00 00 00 00 90 23 00 00 7D 23 00 00 6D 23 00 00 A8 23 00 00 00 00 00 00 E9 D8
2026-04-21   7:07:59.313 오후   TX        13 2F 02 08 00 08 16 33 CE 2D 00 80 52 82
2026-04-21   7:07:59.313 오후   TX        17 2F 02 0C 00 08 16 33 CE 2D 00 C4 C0 01 05 7F 89 A7
2026-04-21   7:07:59.578 오후   RX       104 2F 02 98 00 08 16 33 CE 2D 00 53 C0 81 05 7F 3B 23 00 00 3B 23 00 00 F7 22 00 00 2F 23 00 00 00 00 00 00 34 23 00 00 AE 22 00 00 BA 22 00 00 34 23 00 00 00 00 00 00 C3 23 00 00 02 24 00 00 C3 23 00 00 20 24 00 00 00 00 00 00 C9 23 00 00 C9 23 00 00 D1 23 00 00 03 24 00 00 00 00 00 00 D6 23 00 00 D6 23 00 00 AC
2026-04-21   7:07:59.642 오후   RX        53 23 00 00 AE 23 00 00 00 00 00 00 78 23 00 00 78 23 00 00 84 23 00 00 E4 23 00 00 00 00 00 00 F4 23 00 00 F4 23 00 00 B0 23 00 00 13 24 00 00 00 00 00 00 86 4B
2026-04-21   7:07:59.642 오후   TX        13 2F 02 08 00 08 16 33 CE 2D 00 80 52 82
2026-04-21   7:07:59.642 오후   TX        17 2F 02 0C 00 08 16 33 CE 2D 00 C4 C0 01 05 1F A1 A7
2026-04-21   7:07:59.971 오후   RX       104 2F 02 FF 00 08 16 33 CE 2D 00 73 40 81 05 1F 58 B6 95 00 00 00 00 00 58 B6 95 00 D6 EF 46 00 00 00 00 00 D6 EF 46 00 9F C8 A5 00 00 00 00 00 9F C8 A5 00 26 C4 2D 00 00 00 00 00 26 C4 2D 00 9B E4 15 00 00 00 00 00 9B E4 15 00 3A C4 32 00 00 00 00 00 3A C4 32 00 03 41 19 00 00 00 00 00 03 41 19 00 A4 2D 0C 00 00
2026-04-21   7:08:00.080 오후   RX       104 00 00 00 A4 2D 0C 00 63 0E 1C 00 00 00 00 00 63 0E 1C 00 2E B1 4E 00 00 00 00 00 2E B1 4E 00 96 DD 24 00 00 00 00 00 96 DD 24 00 00 F6 56 00 00 00 00 00 00 F6 56 00 00 00 00 00 00 00 00 00 00 00 00 00 00 00 00 00 00 00 00 00 00 00 00 00 00 00 00 00 00 00 00 00 00 00 00 00 E7 21 95 00 00 00 00 00 E7 21 95 00 E4
2026-04-21   7:08:00.138 오후   RX        52 AA 46 00 00 00 00 00 E4 AA 46 00 EB 24 A5 00 00 00 00 00 EB 24 A5 00 53 94 2D 00 00 00 00 00 53 94 2D 00 72 CE 15 00 00 00 00 00 72 CE 15 00 81 8F 32 A5 11
2026-04-21   7:08:00.138 오후   TX        13 2F 02 08 00 08 16 33 CE 2D 00 80 52 82
2026-04-21   7:08:00.383 오후   RX       104 2F 02 FF 00 08 16 33 CE 2D 00 53 01 00 00 00 00 00 81 8F 32 00 E1 28 19 00 00 00 00 00 E1 28 19 00 5C 22 0C 00 00 00 00 00 5C 22 0C 00 BE F3 1B 00 00 00 00 00 BE F3 1B 00 B2 64 4E 00 00 00 00 00 B2 64 4E 00 15 BA 24 00 00 00 00 00 15 BA 24 00 AB A1 56 00 00 00 00 00 AB A1 56 00 00 00 00 00 00 00 00 00 00 00 00
2026-04-21   7:08:00.495 오후   RX       104 00 00 00 00 00 00 00 00 00 00 00 00 00 00 00 00 00 00 00 00 00 00 00 00 00 7F A0 94 00 00 00 00 00 7F A0 94 00 22 67 46 00 00 00 00 00 22 67 46 00 95 92 A4 00 00 00 00 00 95 92 A4 00 F9 6A 2D 00 00 00 00 00 F9 6A 2D 00 95 B8 15 00 00 00 00 00 95 B8 15 00 A2 60 32 00 00 00 00 00 A2 60 32 00 44 0E 19 00 00 00 00
2026-04-21   7:08:00.553 오후   RX        52 00 44 0E 19 00 91 14 0C 00 00 00 00 00 91 14 0C 00 B8 D5 1B 00 00 00 00 00 B8 D5 1B 00 41 27 4E 00 00 00 00 00 41 27 4E 00 FB 99 24 00 00 00 00 00 FB B0 7A
2026-04-21   7:08:00.553 오후   TX        13 2F 02 08 00 08 16 33 CE 2D 00 80 52 82
2026-04-21   7:08:00.840 오후   RX       104 2F 02 FF 00 08 16 33 CE 2D 00 73 02 99 24 00 39 5C 56 00 00 00 00 00 39 5C 56 00 00 00 00 00 00 00 00 00 00 00 00 00 00 00 00 00 00 00 00 00 00 00 00 00 00 00 00 00 00 00 00 00 00 00 00 00 0F 03 92 00 00 00 00 00 0F 03 92 00 1F 44 45 00 00 00 00 00 1F 44 45 00 5D B8 A1 00 00 00 00 00 5D B8 A1 00 E1 A5 2C 00 00
2026-04-21   7:08:00.952 오후   RX       104 00 00 00 E1 A5 2C 00 A3 61 15 00 00 00 00 00 A3 61 15 00 24 89 31 00 00 00 00 00 24 89 31 00 FD 9D 18 00 00 00 00 00 FD 9D 18 00 60 E2 0B 00 00 00 00 00 60 E2 0B 00 B1 5A 1B 00 00 00 00 00 B1 5A 1B 00 30 BF 4C 00 00 00 00 00 30 BF 4C 00 1A 00 24 00 00 00 00 00 1A 00 24 00 87 D4 54 00 00 00 00 00 87 D4 54 00 00
2026-04-21   7:08:01.010 오후   RX        52 00 00 00 00 00 00 00 00 00 00 00 00 00 00 00 00 00 00 00 00 00 00 00 00 00 00 00 00 00 00 00 00 00 00 00 D3 07 8F 00 00 00 00 00 D3 07 8F 00 70 15 44 C4 66
2026-04-21   7:08:01.010 오후   TX        13 2F 02 08 00 08 16 33 CE 2D 00 80 52 82
2026-04-21   7:08:01.260 오후   RX       104 2F 02 FF 00 08 16 33 CE 2D 00 53 03 00 00 00 00 00 70 15 44 00 17 83 9E 00 00 00 00 00 17 83 9E 00 9A CA 2B 00 00 00 00 00 9A CA 2B 00 1C 09 15 00 00 00 00 00 1C 09 15 00 9D 9C 30 00 00 00 00 00 9D 9C 30 00 E9 2A 18 00 00 00 00 00 E9 2A 18 00 9F B4 0B 00 00 00 00 00 9F B4 0B 00 D2 DE 1A 00 00 00 00 00 D2 DE 1A
2026-04-21   7:08:01.364 오후   RX       104 00 4F 12 4B 00 00 00 00 00 4F 12 4B 00 B4 57 23 00 00 00 00 00 B4 57 23 00 A7 07 53 00 00 00 00 00 A7 07 53 00 00 00 00 00 00 00 00 00 00 00 00 00 00 00 00 00 00 00 00 00 00 00 00 00 00 00 00 00 00 00 00 00 00 00 00 00 0E 7B 8B 00 00 00 00 00 0E 7B 8B 00 74 95 42 00 00 00 00 00 74 95 42 00 5B A8 9A 00 00 00 00
2026-04-21   7:08:01.423 오후   RX        52 00 5B A8 9A 00 26 A9 2A 00 00 00 00 00 26 A9 2A 00 05 8D 14 00 00 00 00 00 05 8D 14 00 9F 61 2F 00 00 00 00 00 9F 61 2F 00 00 93 17 00 00 00 00 00 00 7B B0
2026-04-21   7:08:01.423 오후   TX        13 2F 02 08 00 08 16 33 CE 2D 00 80 52 82
2026-04-21   7:08:01.670 오후   RX       104 2F 02 FF 00 08 16 33 CE 2D 00 73 04 93 17 00 B9 73 0B 00 00 00 00 00 B9 73 0B 00 9A 39 1A 00 00 00 00 00 9A 39 1A 00 E7 3E 49 00 00 00 00 00 E7 3E 49 00 B5 94 22 00 00 00 00 00 B5 94 22 00 21 0D 51 00 00 00 00 00 21 0D 51 00 00 00 00 00 00 00 00 00 00 00 00 00 00 00 00 00 00 00 00 00 00 00 00 00 00 00 00 00 00
2026-04-21   7:08:01.782 오후   RX       104 00 00 00 00 00 00 00 28 0B 88 00 00 00 00 00 28 0B 88 00 02 27 41 00 00 00 00 00 02 27 41 00 13 EF 96 00 00 00 00 00 13 EF 96 00 06 96 29 00 00 00 00 00 06 96 29 00 E5 18 14 00 00 00 00 00 E5 18 14 00 F5 36 2E 00 00 00 00 00 F5 36 2E 00 8D F5 16 00 00 00 00 00 8D F5 16 00 DA 30 0B 00 00 00 00 00 DA 30 0B 00 85
2026-04-21   7:08:01.833 오후   RX        52 8E 19 00 00 00 00 00 85 8E 19 00 93 7F 47 00 00 00 00 00 93 7F 47 00 42 DD 21 00 00 00 00 00 42 DD 21 00 98 29 4F 00 00 00 00 00 98 29 4F 00 00 00 00 FC 37
2026-04-21   7:08:01.833 오후   TX        13 2F 02 08 00 08 16 33 CE 2D 00 80 52 82
2026-04-21   7:08:01.979 오후   RX        47 2F 02 2A 00 08 16 33 CE 2D 00 53 85 00 00 00 00 00 00 00 00 00 00 00 00 00 00 00 00 00 00 00 00 00 00 00 00 00 00 00 00 00 00 00 00 00 FA 5B
2026-04-21   7:08:01.979 오후   TX        13 2F 02 08 00 08 16 33 CE 2D 00 80 52 82
2026-04-21   7:08:01.979 오후   TX        17 2F 02 0C 00 08 16 33 CE 2D 00 C4 C0 01 05 2F B5 A7
2026-04-21   7:08:02.299 오후   RX       104 2F 02 FF 00 08 16 33 CE 2D 00 73 40 81 05 2F 2C 01 00 00 00 00 00 00 2C 01 00 00 95 00 00 00 00 00 00 00 95 00 00 00 4E 01 00 00 00 00 00 00 4E 01 00 00 2C 01 00 00 00 00 00 00 2C 01 00 00 95 00 00 00 00 00 00 00 95 00 00 00 4E 01 00 00 00 00 00 00 4E 01 00 00 2B 01 00 00 00 00 00 00 2B 01 00 00 95 00 00 00 00
2026-04-21   7:08:02.405 오후   RX       104 00 00 00 95 00 00 00 4E 01 00 00 00 00 00 00 4E 01 00 00 2B 01 00 00 00 00 00 00 2B 01 00 00 92 00 00 00 00 00 00 00 92 00 00 00 4C 01 00 00 00 00 00 00 4C 01 00 00 00 00 00 00 00 00 00 00 00 00 00 00 00 00 00 00 00 00 00 00 00 00 00 00 00 00 00 00 00 00 00 00 00 00 00 00 C4 00 00 00 00 00 00 00 C4 00 00 00 5E
2026-04-21   7:08:02.463 오후   RX        52 00 00 00 00 00 00 00 5E 00 00 00 DA 00 00 00 00 00 00 00 DA 00 00 00 AE 00 00 00 00 00 00 00 AE 00 00 00 5A 00 00 00 00 00 00 00 5A 00 00 00 C3 00 00 36 A5
2026-04-21   7:08:02.464 오후   TX        13 2F 02 08 00 08 16 33 CE 2D 00 80 52 82
2026-04-21   7:08:02.709 오후   RX       104 2F 02 FF 00 08 16 33 CE 2D 00 53 01 00 00 00 00 00 C3 00 00 00 AC 00 00 00 00 00 00 00 AC 00 00 00 59 00 00 00 00 00 00 00 59 00 00 00 C2 00 00 00 00 00 00 00 C2 00 00 00 C4 00 00 00 00 00 00 00 C4 00 00 00 5E 00 00 00 00 00 00 00 5E 00 00 00 DA 00 00 00 00 00 00 00 DA 00 00 00 00 00 00 00 00 00 00 00 00 00 00
2026-04-21   7:08:02.818 오후   RX       104 00 00 00 00 00 00 00 00 00 00 00 00 00 00 00 00 00 00 00 00 00 00 00 00 00 34 01 00 00 00 00 00 00 34 01 00 00 87 00 00 00 00 00 00 00 87 00 00 00 51 01 00 00 00 00 00 00 51 01 00 00 32 01 00 00 00 00 00 00 32 01 00 00 85 00 00 00 00 00 00 00 85 00 00 00 4D 01 00 00 00 00 00 00 4D 01 00 00 34 01 00 00 00 00 00
2026-04-21   7:08:02.880 오후   RX        52 00 34 01 00 00 87 00 00 00 00 00 00 00 87 00 00 00 51 01 00 00 00 00 00 00 51 01 00 00 32 01 00 00 00 00 00 00 32 01 00 00 81 00 00 00 00 00 00 00 81 0D 7C
2026-04-21   7:08:02.884 오후   TX        13 2F 02 08 00 00 00 00 00 00 00 C0 71 A2
2026-04-21   7:08:02.992 오후   RX        13 2F 02 08 00 08 16 33 CE 2D 00 00 F2 83
2026-04-21   7:08:02.992 오후   TX        29 2F 02 18 00 08 16 33 CE 2D 00 F1 31 32 33 34 35 36 37 38 00 00 00 00 00 00 00 00 DB 67
2026-04-21   7:08:03.133 오후   RX        29 2F 02 18 00 08 16 33 CE 2D 00 00 CE CD CC CB CA C9 C8 C7 EC DC CC BC AC 9C 8C 7C 14 A4
2026-04-21   7:08:03.133 오후   TX        29 2F 02 18 00 08 16 33 CE 2D 00 F1 00 00 00 00 00 00 00 00 CE CD CC CB CA C9 C8 C7 95 8F
2026-04-21   7:08:03.274 오후   RX        29 2F 02 18 00 08 16 33 CE 2D 00 00 FF FF FF FF FF FF FF FF FF FF FF FF FF FF FF FF FE 06
2026-04-21   7:08:03.274 오후   TX        17 2F 02 0C 00 08 16 33 CE 2D 00 C4 C0 01 04 1F 31 A6
2026-04-21   7:08:03.540 오후   RX       104 2F 02 FF 00 08 16 33 CE 2D 00 73 40 81 04 1F 08 03 14 00 0A 00 08 16 33 CE 2D 53 EA 07 04 15 13 08 25 02 E6 07 05 13 0E 29 1E EA 07 04 10 00 00 00 00 00 00 00 00 00 00 00 00 00 00 00 00 00 00 00 00 00 00 00 00 00 00 00 00 00 00 00 00 00 00 00 00 00 00 00 00 00 00 00 00 00 00 00 00 00 00 00 00 00 00 00 00 00 00
2026-04-21   7:08:03.653 오후   RX       104 00 00 00 00 00 00 00 00 00 00 00 00 00 00 00 00 00 00 00 00 00 00 00 00 00 00 00 00 00 00 00 00 00 00 00 00 00 00 00 00 00 00 00 00 00 00 00 00 00 00 00 00 00 00 00 00 00 00 00 00 00 00 00 00 00 00 00 00 00 00 00 00 00 00 00 00 00 00 00 00 00 00 00 00 00 00 00 00 00 00 00 00 00 00 00 00 00 00 00 00 00 00 00 00
2026-04-21   7:08:03.712 오후   RX        52 00 00 00 00 00 00 00 00 00 00 00 00 00 00 00 00 00 00 00 00 00 00 00 00 00 00 00 00 00 00 00 00 00 00 00 00 00 00 00 00 00 00 00 00 00 00 00 00 00 00 E2 E7
2026-04-21   7:08:03.712 오후   TX        13 2F 02 08 00 08 16 33 CE 2D 00 80 52 82
2026-04-21   7:08:03.940 오후   RX       104 2F 02 77 00 08 16 33 CE 2D 00 53 81 00 00 00 EA 07 04 10 00 00 00 E8 07 06 01 00 00 00 E7 07 05 18 00 00 00 E7 07 01 01 00 00 00 00 00 00 00 00 00 00 00 00 00 00 00 00 00 00 00 00 00 00 00 00 00 00 00 00 00 00 00 00 00 00 00 00 00 00 00 00 00 00 00 00 00 00 00 00 00 00 00 00 00 00 00 00 00 00 00 00 00 00 00 00
2026-04-21   7:08:03.963 오후   RX        20 00 00 00 00 00 00 00 00 00 00 00 00 00 00 00 00 04 00 E4 BB
2026-04-21   7:08:03.963 오후   TX        13 2F 02 08 00 08 16 33 CE 2D 00 80 52 82
2026-04-21   7:08:03.963 오후   TX        17 2F 02 0C 00 08 16 33 CE 2D 00 C4 C0 01 04 2F 25 A6
2026-04-21   7:08:04.255 오후   RX       104 2F 02 FF 00 08 16 33 CE 2D 00 73 40 81 04 2F 02 01 02 00 00 00 00 00 00 00 00 00 00 00 00 00 00 00 00 00 00 00 00 00 00 00 00 00 00 00 00 00 00 00 00 00 00 00 00 00 00 00 00 00 00 00 00 00 00 00 00 00 00 00 00 00 00 00 00 00 00 00 00 00 00 EA 07 04 10 00 00 00 40 EA 07 04 01 00 00 00 01 EA 07 03 01 00 00 00 03
2026-04-21   7:08:04.360 오후   RX       104 EA 07 02 01 00 00 00 01 EA 07 01 01 00 00 00 01 E9 07 0C 01 00 00 00 01 E9 07 0B 01 00 00 00 03 E9 07 0A 01 00 00 00 01 E9 07 09 01 00 00 00 03 E9 07 08 01 00 00 00 01 E9 07 07 01 00 00 00 01 E9 07 06 01 00 00 00 03 E9 07 05 01 00 00 00 01 E9 07 04 01 00 00 00 01 E9 07 03 01 00 00 00 03 31 00 EA 07 04 10 00 00
2026-04-21   7:08:04.418 오후   RX        52 00 40 EA 07 04 01 00 00 00 01 EA 07 03 01 00 00 00 01 EA 07 02 01 00 00 00 01 EA 07 01 01 00 00 00 01 E9 07 0C 01 00 00 00 01 E9 07 0B 01 00 00 00 01 89 50
2026-04-21   7:08:04.418 오후   TX        13 2F 02 08 00 08 16 33 CE 2D 00 80 52 82
2026-04-21   7:08:04.665 오후   RX       104 2F 02 FF 00 08 16 33 CE 2D 00 53 01 E9 07 0A 01 00 00 00 01 E9 07 09 01 00 00 00 01 E9 07 08 01 00 00 00 01 E9 07 07 01 00 00 00 01 E9 07 06 01 00 00 00 01 E9 07 05 01 00 00 00 01 E9 07 04 01 00 00 00 01 E9 07 03 01 00 00 00 01 31 00 00 00 00 00 00 00 00 00 00 00 00 00 00 00 00 00 00 00 00 00 00 00 00 00 00 00
2026-04-21   7:08:04.777 오후   RX       104 00 00 00 00 00 00 00 00 00 00 00 00 00 00 00 00 00 00 00 00 00 00 00 00 00 00 00 00 00 00 00 00 00 00 00 00 00 00 00 00 00 00 00 00 00 00 00 00 00 00 00 00 00 00 00 00 00 00 00 00 00 00 00 00 00 00 00 00 00 00 00 00 00 00 00 00 00 00 00 00 00 00 00 00 00 00 00 00 00 00 00 00 00 00 00 00 00 00 00 00 00 00 00 00
2026-04-21   7:08:04.836 오후   RX        52 00 00 00 00 00 00 00 00 00 00 00 00 00 00 00 00 00 00 00 00 00 00 00 00 00 00 00 00 00 00 00 00 00 00 00 00 00 00 00 00 00 00 00 00 00 00 00 00 00 00 FC 71
2026-04-21   7:08:04.836 오후   TX        13 2F 02 08 00 08 16 33 CE 2D 00 80 52 82
2026-04-21   7:08:04.953 오후   RX        23 2F 02 12 00 08 16 33 CE 2D 00 73 82 00 00 00 00 00 00 00 00 00 C6 39
2026-04-21   7:08:04.953 오후   TX        13 2F 02 08 00 08 16 33 CE 2D 00 80 52 82
2026-04-21   7:08:04.953 오후   TX        17 2F 02 0C 00 08 16 33 CE 2D 00 C4 C0 01 04 7F 19 A6
2026-04-21   7:08:05.250 오후   RX       104 2F 02 A1 00 08 16 33 CE 2D 00 53 C0 81 04 7F 67 00 00 00 00 00 00 00 B4 00 00 00 1C 01 00 00 00 00 00 00 00 00 00 00 00 00 00 00 00 00 00 00 96 00 00 00 00 00 00 00 00 00 00 00 88 00 00 00 00 00 00 00 00 00 00 00 0E 00 00 00 00 00 00 00 B6 00 00 00 00 00 00 00 B5 00 00 00 3B 01 00 00 42 C0 01 00 00 00 00 00 16
2026-04-21   7:08:05.319 오후   RX        62 C1 01 00 38 06 00 00 00 00 00 00 29 06 00 00 01 73 EA 00 00 1F 16 00 00 00 00 00 00 F0 26 00 00 69 0D 00 00 37 00 00 00 00 00 00 00 64 01 00 00 00 00 00 00 00 00 00 00 00 00 00 00 0A 60
2026-04-21   7:08:05.319 오후   TX        13 2F 02 08 00 08 16 33 CE 2D 00 80 52 82
2026-04-21   7:08:05.319 오후   TX        17 2F 02 0C 00 08 16 33 CE 2D 00 C4 C0 01 05 9F 01 A6
2026-04-21   7:08:05.618 오후   RX       104 2F 02 98 00 08 16 33 CE 2D 00 73 C0 81 05 9F 6D 23 00 00 71 23 00 00 62 23 00 00 6E 23 00 00 00 00 00 00 9B 22 00 00 88 22 00 00 AE 22 00 00 9F 22 00 00 00 00 00 00 D2 23 00 00 BD 23 00 00 A9 23 00 00 EB 23 00 00 00 00 00 00 4F 24 00 00 38 24 00 00 4C 24 00 00 5C 24 00 00 00 00 00 00 FB 23 00 00 E7 23 00 00 EB
2026-04-21   7:08:05.683 오후   RX        53 23 00 00 0D 24 00 00 00 00 00 00 0F 24 00 00 FC 23 00 00 F4 23 00 00 24 24 00 00 00 00 00 00 90 23 00 00 7D 23 00 00 6D 23 00 00 A8 23 00 00 00 00 00 00 E9 D8
2026-04-21   7:08:05.683 오후   TX        13 2F 02 08 00 08 16 33 CE 2D 00 80 52 82
2026-04-21   7:08:05.683 오후   TX        17 2F 02 0C 00 08 16 33 CE 2D 00 C4 C0 01 05 7F 89 A7
2026-04-21   7:08:05.957 오후   RX       104 2F 02 98 00 08 16 33 CE 2D 00 53 C0 81 05 7F 3B 23 00 00 3B 23 00 00 F7 22 00 00 2F 23 00 00 00 00 00 00 34 23 00 00 AE 22 00 00 BA 22 00 00 34 23 00 00 00 00 00 00 C3 23 00 00 02 24 00 00 C3 23 00 00 20 24 00 00 00 00 00 00 C9 23 00 00 C9 23 00 00 D1 23 00 00 03 24 00 00 00 00 00 00 D6 23 00 00 D6 23 00 00 AC
2026-04-21   7:08:06.016 오후   RX        53 23 00 00 AE 23 00 00 00 00 00 00 78 23 00 00 78 23 00 00 84 23 00 00 E4 23 00 00 00 00 00 00 F4 23 00 00 F4 23 00 00 B0 23 00 00 13 24 00 00 00 00 00 00 86 4B
2026-04-21   7:08:06.016 오후   TX        13 2F 02 08 00 08 16 33 CE 2D 00 80 52 82
2026-04-21   7:08:06.016 오후   TX        17 2F 02 0C 00 08 16 33 CE 2D 00 C4 C0 01 05 1F A1 A7
2026-04-21   7:08:06.345 오후   RX       104 2F 02 FF 00 08 16 33 CE 2D 00 73 40 81 05 1F 58 B6 95 00 00 00 00 00 58 B6 95 00 D6 EF 46 00 00 00 00 00 D6 EF 46 00 9F C8 A5 00 00 00 00 00 9F C8 A5 00 26 C4 2D 00 00 00 00 00 26 C4 2D 00 9B E4 15 00 00 00 00 00 9B E4 15 00 3A C4 32 00 00 00 00 00 3A C4 32 00 03 41 19 00 00 00 00 00 03 41 19 00 A4 2D 0C 00 00
2026-04-21   7:08:06.450 오후   RX       104 00 00 00 A4 2D 0C 00 64 0E 1C 00 00 00 00 00 64 0E 1C 00 2E B1 4E 00 00 00 00 00 2E B1 4E 00 96 DD 24 00 00 00 00 00 96 DD 24 00 00 F6 56 00 00 00 00 00 00 F6 56 00 00 00 00 00 00 00 00 00 00 00 00 00 00 00 00 00 00 00 00 00 00 00 00 00 00 00 00 00 00 00 00 00 00 00 00 00 E7 21 95 00 00 00 00 00 E7 21 95 00 E4
2026-04-21   7:08:06.508 오후   RX        52 AA 46 00 00 00 00 00 E4 AA 46 00 EB 24 A5 00 00 00 00 00 EB 24 A5 00 53 94 2D 00 00 00 00 00 53 94 2D 00 72 CE 15 00 00 00 00 00 72 CE 15 00 81 8F 32 11 66
2026-04-21   7:08:06.508 오후   TX        13 2F 02 08 00 08 16 33 CE 2D 00 80 52 82
2026-04-21   7:08:06.755 오후   RX       104 2F 02 FF 00 08 16 33 CE 2D 00 53 01 00 00 00 00 00 81 8F 32 00 E1 28 19 00 00 00 00 00 E1 28 19 00 5C 22 0C 00 00 00 00 00 5C 22 0C 00 BE F3 1B 00 00 00 00 00 BE F3 1B 00 B2 64 4E 00 00 00 00 00 B2 64 4E 00 15 BA 24 00 00 00 00 00 15 BA 24 00 AB A1 56 00 00 00 00 00 AB A1 56 00 00 00 00 00 00 00 00 00 00 00 00
2026-04-21   7:08:06.857 오후   RX       104 00 00 00 00 00 00 00 00 00 00 00 00 00 00 00 00 00 00 00 00 00 00 00 00 00 7F A0 94 00 00 00 00 00 7F A0 94 00 22 67 46 00 00 00 00 00 22 67 46 00 95 92 A4 00 00 00 00 00 95 92 A4 00 F9 6A 2D 00 00 00 00 00 F9 6A 2D 00 95 B8 15 00 00 00 00 00 95 B8 15 00 A2 60 32 00 00 00 00 00 A2 60 32 00 44 0E 19 00 00 00 00
2026-04-21   7:08:06.921 오후   RX        52 00 44 0E 19 00 91 14 0C 00 00 00 00 00 91 14 0C 00 B8 D5 1B 00 00 00 00 00 B8 D5 1B 00 41 27 4E 00 00 00 00 00 41 27 4E 00 FB 99 24 00 00 00 00 00 FB B0 7A
2026-04-21   7:08:06.921 오후   TX        13 2F 02 08 00 08 16 33 CE 2D 00 80 52 82
2026-04-21   7:08:07.206 오후   RX       104 2F 02 FF 00 08 16 33 CE 2D 00 73 02 99 24 00 39 5C 56 00 00 00 00 00 39 5C 56 00 00 00 00 00 00 00 00 00 00 00 00 00 00 00 00 00 00 00 00 00 00 00 00 00 00 00 00 00 00 00 00 00 00 00 00 00 0F 03 92 00 00 00 00 00 0F 03 92 00 1F 44 45 00 00 00 00 00 1F 44 45 00 5D B8 A1 00 00 00 00 00 5D B8 A1 00 E1 A5 2C 00 00
2026-04-21   7:08:07.317 오후   RX       104 00 00 00 E1 A5 2C 00 A3 61 15 00 00 00 00 00 A3 61 15 00 24 89 31 00 00 00 00 00 24 89 31 00 FD 9D 18 00 00 00 00 00 FD 9D 18 00 60 E2 0B 00 00 00 00 00 60 E2 0B 00 B1 5A 1B 00 00 00 00 00 B1 5A 1B 00 30 BF 4C 00 00 00 00 00 30 BF 4C 00 1A 00 24 00 00 00 00 00 1A 00 24 00 87 D4 54 00 00 00 00 00 87 D4 54 00 00
2026-04-21   7:08:07.371 오후   RX        52 00 00 00 00 00 00 00 00 00 00 00 00 00 00 00 00 00 00 00 00 00 00 00 00 00 00 00 00 00 00 00 00 00 00 00 D3 07 8F 00 00 00 00 00 D3 07 8F 00 70 15 44 C4 66
2026-04-21   7:08:07.371 오후   TX        13 2F 02 08 00 08 16 33 CE 2D 00 80 52 82
2026-04-21   7:08:07.618 오후   RX       104 2F 02 FF 00 08 16 33 CE 2D 00 53 03 00 00 00 00 00 70 15 44 00 17 83 9E 00 00 00 00 00 17 83 9E 00 9A CA 2B 00 00 00 00 00 9A CA 2B 00 1C 09 15 00 00 00 00 00 1C 09 15 00 9D 9C 30 00 00 00 00 00 9D 9C 30 00 E9 2A 18 00 00 00 00 00 E9 2A 18 00 9F B4 0B 00 00 00 00 00 9F B4 0B 00 D2 DE 1A 00 00 00 00 00 D2 DE 1A
2026-04-21   7:08:07.723 오후   RX       104 00 4F 12 4B 00 00 00 00 00 4F 12 4B 00 B4 57 23 00 00 00 00 00 B4 57 23 00 A7 07 53 00 00 00 00 00 A7 07 53 00 00 00 00 00 00 00 00 00 00 00 00 00 00 00 00 00 00 00 00 00 00 00 00 00 00 00 00 00 00 00 00 00 00 00 00 00 0E 7B 8B 00 00 00 00 00 0E 7B 8B 00 74 95 42 00 00 00 00 00 74 95 42 00 5B A8 9A 00 00 00 00
2026-04-21   7:08:07.787 오후   RX        52 00 5B A8 9A 00 26 A9 2A 00 00 00 00 00 26 A9 2A 00 05 8D 14 00 00 00 00 00 05 8D 14 00 9F 61 2F 00 00 00 00 00 9F 61 2F 00 00 93 17 00 00 00 00 00 00 7B B0
2026-04-21   7:08:07.787 오후   TX        13 2F 02 08 00 08 16 33 CE 2D 00 80 52 82
2026-04-21   7:08:08.031 오후   RX       104 2F 02 FF 00 08 16 33 CE 2D 00 73 04 93 17 00 B9 73 0B 00 00 00 00 00 B9 73 0B 00 9A 39 1A 00 00 00 00 00 9A 39 1A 00 E7 3E 49 00 00 00 00 00 E7 3E 49 00 B5 94 22 00 00 00 00 00 B5 94 22 00 21 0D 51 00 00 00 00 00 21 0D 51 00 00 00 00 00 00 00 00 00 00 00 00 00 00 00 00 00 00 00 00 00 00 00 00 00 00 00 00 00 00
2026-04-21   7:08:08.140 오후   RX       104 00 00 00 00 00 00 00 28 0B 88 00 00 00 00 00 28 0B 88 00 02 27 41 00 00 00 00 00 02 27 41 00 13 EF 96 00 00 00 00 00 13 EF 96 00 06 96 29 00 00 00 00 00 06 96 29 00 E5 18 14 00 00 00 00 00 E5 18 14 00 F5 36 2E 00 00 00 00 00 F5 36 2E 00 8D F5 16 00 00 00 00 00 8D F5 16 00 DA 30 0B 00 00 00 00 00 DA 30 0B 00 85
2026-04-21   7:08:08.200 오후   RX        52 8E 19 00 00 00 00 00 85 8E 19 00 93 7F 47 00 00 00 00 00 93 7F 47 00 42 DD 21 00 00 00 00 00 42 DD 21 00 98 29 4F 00 00 00 00 00 98 29 4F 00 00 00 00 FC 37
2026-04-21   7:08:08.200 오후   TX        13 2F 02 08 00 08 16 33 CE 2D 00 80 52 82
2026-04-21   7:08:08.346 오후   RX        47 2F 02 2A 00 08 16 33 CE 2D 00 53 85 00 00 00 00 00 00 00 00 00 00 00 00 00 00 00 00 00 00 00 00 00 00 00 00 00 00 00 00 00 00 00 00 00 FA 5B
2026-04-21   7:08:08.346 오후   TX        13 2F 02 08 00 08 16 33 CE 2D 00 80 52 82
2026-04-21   7:08:08.346 오후   TX        17 2F 02 0C 00 08 16 33 CE 2D 00 C4 C0 01 05 2F B5 A7
2026-04-21   7:08:08.666 오후   RX       104 2F 02 FF 00 08 16 33 CE 2D 00 73 40 81 05 2F 2C 01 00 00 00 00 00 00 2C 01 00 00 95 00 00 00 00 00 00 00 95 00 00 00 4E 01 00 00 00 00 00 00 4E 01 00 00 2C 01 00 00 00 00 00 00 2C 01 00 00 95 00 00 00 00 00 00 00 95 00 00 00 4E 01 00 00 00 00 00 00 4E 01 00 00 2B 01 00 00 00 00 00 00 2B 01 00 00 95 00 00 00 00
2026-04-21   7:08:08.778 오후   RX       104 00 00 00 95 00 00 00 4E 01 00 00 00 00 00 00 4E 01 00 00 2B 01 00 00 00 00 00 00 2B 01 00 00 92 00 00 00 00 00 00 00 92 00 00 00 4C 01 00 00 00 00 00 00 4C 01 00 00 00 00 00 00 00 00 00 00 00 00 00 00 00 00 00 00 00 00 00 00 00 00 00 00 00 00 00 00 00 00 00 00 00 00 00 00 C4 00 00 00 00 00 00 00 C4 00 00 00 5E
2026-04-21   7:08:08.837 오후   RX        52 00 00 00 00 00 00 00 5E 00 00 00 DA 00 00 00 00 00 00 00 DA 00 00 00 AE 00 00 00 00 00 00 00 AE 00 00 00 5A 00 00 00 00 00 00 00 5A 00 00 00 C3 00 00 36 A5
2026-04-21   7:08:08.837 오후   TX        13 2F 02 08 00 08 16 33 CE 2D 00 80 52 82
2026-04-21   7:08:09.086 오후   RX       104 2F 02 FF 00 08 16 33 CE 2D 00 53 01 00 00 00 00 00 C3 00 00 00 AC 00 00 00 00 00 00 00 AC 00 00 00 59 00 00 00 00 00 00 00 59 00 00 00 C2 00 00 00 00 00 00 00 C2 00 00 00 C4 00 00 00 00 00 00 00 C4 00 00 00 5E 00 00 00 00 00 00 00 5E 00 00 00 DA 00 00 00 00 00 00 00 DA 00 00 00 00 00 00 00 00 00 00 00 00 00 00
2026-04-21   7:08:09.197 오후   RX       104 00 00 00 00 00 00 00 00 00 00 00 00 00 00 00 00 00 00 00 00 00 00 00 00 00 34 01 00 00 00 00 00 00 34 01 00 00 87 00 00 00 00 00 00 00 87 00 00 00 51 01 00 00 00 00 00 00 51 01 00 00 32 01 00 00 00 00 00 00 32 01 00 00 85 00 00 00 00 00 00 00 85 00 00 00 4D 01 00 00 00 00 00 00 4D 01 00 00 34 01 00 00 00 00 00
2026-04-21   7:08:09.249 오후   RX        52 00 34 01 00 00 87 00 00 00 00 00 00 00 87 00 00 00 51 01 00 00 00 00 00 00 51 01 00 00 32 01 00 00 00 00 00 00 32 01 00 00 81 00 00 00 00 00 00 00 81 0D 7C
2026-04-21   7:08:09.255 오후   TX        13 2F 02 08 00 00 00 00 00 00 00 C0 71 A2
2026-04-21   7:08:09.366 오후   RX        13 2F 02 08 00 08 16 33 CE 2D 00 00 F2 83
2026-04-21   7:08:09.366 오후   TX        29 2F 02 18 00 08 16 33 CE 2D 00 F1 31 32 33 34 35 36 37 38 00 00 00 00 00 00 00 00 DB 67
2026-04-21   7:08:09.506 오후   RX        29 2F 02 18 00 08 16 33 CE 2D 00 00 CE CD CC CB CA C9 C8 C7 EC DC CC BC AC 9C 8C 7C 14 A4
2026-04-21   7:08:09.506 오후   TX        29 2F 02 18 00 08 16 33 CE 2D 00 F1 00 00 00 00 00 00 00 00 CE CD CC CB CA C9 C8 C7 95 8F
2026-04-21   7:08:09.645 오후   RX        29 2F 02 18 00 08 16 33 CE 2D 00 00 FF FF FF FF FF FF FF FF FF FF FF FF FF FF FF FF FE 06
2026-04-21   7:08:09.645 오후   TX        17 2F 02 0C 00 08 16 33 CE 2D 00 C4 C0 01 04 1F 31 A6
2026-04-21   7:08:09.911 오후   RX       104 2F 02 FF 00 08 16 33 CE 2D 00 73 40 81 04 1F 08 03 14 00 0A 00 08 16 33 CE 2D 53 EA 07 04 15 13 08 2B 02 E6 07 05 13 0E 29 1E EA 07 04 10 00 00 00 00 00 00 00 00 00 00 00 00 00 00 00 00 00 00 00 00 00 00 00 00 00 00 00 00 00 00 00 00 00 00 00 00 00 00 00 00 00 00 00 00 00 00 00 00 00 00 00 00 00 00 00 00 00 00
2026-04-21   7:08:10.023 오후   RX       104 00 00 00 00 00 00 00 00 00 00 00 00 00 00 00 00 00 00 00 00 00 00 00 00 00 00 00 00 00 00 00 00 00 00 00 00 00 00 00 00 00 00 00 00 00 00 00 00 00 00 00 00 00 00 00 00 00 00 00 00 00 00 00 00 00 00 00 00 00 00 00 00 00 00 00 00 00 00 00 00 00 00 00 00 00 00 00 00 00 00 00 00 00 00 00 00 00 00 00 00 00 00 00 00
2026-04-21   7:08:10.080 오후   RX        52 00 00 00 00 00 00 00 00 00 00 00 00 00 00 00 00 00 00 00 00 00 00 00 00 00 00 00 00 00 00 00 00 00 00 00 00 00 00 00 00 00 00 00 00 00 00 00 00 00 00 E0 6F
2026-04-21   7:08:10.080 오후   TX        13 2F 02 08 00 08 16 33 CE 2D 00 80 52 82
2026-04-21   7:08:10.313 오후   RX       104 2F 02 77 00 08 16 33 CE 2D 00 53 81 00 00 00 EA 07 04 10 00 00 00 E8 07 06 01 00 00 00 E7 07 05 18 00 00 00 E7 07 01 01 00 00 00 00 00 00 00 00 00 00 00 00 00 00 00 00 00 00 00 00 00 00 00 00 00 00 00 00 00 00 00 00 00 00 00 00 00 00 00 00 00 00 00 00 00 00 00 00 00 00 00 00 00 00 00 00 00 00 00 00 00 00 00 00
2026-04-21   7:08:10.343 오후   RX        20 00 00 00 00 00 00 00 00 00 00 00 00 00 00 00 00 04 00 E4 BB
2026-04-21   7:08:10.343 오후   TX        13 2F 02 08 00 08 16 33 CE 2D 00 80 52 82
2026-04-21   7:08:10.343 오후   TX        17 2F 02 0C 00 08 16 33 CE 2D 00 C4 C0 01 04 2F 25 A6
2026-04-21   7:08:10.635 오후   RX       104 2F 02 FF 00 08 16 33 CE 2D 00 73 40 81 04 2F 02 01 02 00 00 00 00 00 00 00 00 00 00 00 00 00 00 00 00 00 00 00 00 00 00 00 00 00 00 00 00 00 00 00 00 00 00 00 00 00 00 00 00 00 00 00 00 00 00 00 00 00 00 00 00 00 00 00 00 00 00 00 00 00 00 EA 07 04 10 00 00 00 40 EA 07 04 01 00 00 00 01 EA 07 03 01 00 00 00 03
2026-04-21   7:08:10.746 오후   RX       104 EA 07 02 01 00 00 00 01 EA 07 01 01 00 00 00 01 E9 07 0C 01 00 00 00 01 E9 07 0B 01 00 00 00 03 E9 07 0A 01 00 00 00 01 E9 07 09 01 00 00 00 03 E9 07 08 01 00 00 00 01 E9 07 07 01 00 00 00 01 E9 07 06 01 00 00 00 03 E9 07 05 01 00 00 00 01 E9 07 04 01 00 00 00 01 E9 07 03 01 00 00 00 03 31 00 EA 07 04 10 00 00
2026-04-21   7:08:10.804 오후   RX        52 00 40 EA 07 04 01 00 00 00 01 EA 07 03 01 00 00 00 01 EA 07 02 01 00 00 00 01 EA 07 01 01 00 00 00 01 E9 07 0C 01 00 00 00 01 E9 07 0B 01 00 00 00 01 89 50
2026-04-21   7:08:10.804 오후   TX        13 2F 02 08 00 08 16 33 CE 2D 00 80 52 82
2026-04-21   7:08:11.047 오후   RX       104 2F 02 FF 00 08 16 33 CE 2D 00 53 01 E9 07 0A 01 00 00 00 01 E9 07 09 01 00 00 00 01 E9 07 08 01 00 00 00 01 E9 07 07 01 00 00 00 01 E9 07 06 01 00 00 00 01 E9 07 05 01 00 00 00 01 E9 07 04 01 00 00 00 01 E9 07 03 01 00 00 00 01 31 00 00 00 00 00 00 00 00 00 00 00 00 00 00 00 00 00 00 00 00 00 00 00 00 00 00 00
2026-04-21   7:08:11.162 오후   RX       104 00 00 00 00 00 00 00 00 00 00 00 00 00 00 00 00 00 00 00 00 00 00 00 00 00 00 00 00 00 00 00 00 00 00 00 00 00 00 00 00 00 00 00 00 00 00 00 00 00 00 00 00 00 00 00 00 00 00 00 00 00 00 00 00 00 00 00 00 00 00 00 00 00 00 00 00 00 00 00 00 00 00 00 00 00 00 00 00 00 00 00 00 00 00 00 00 00 00 00 00 00 00 00 00
2026-04-21   7:08:11.221 오후   RX        52 00 00 00 00 00 00 00 00 00 00 00 00 00 00 00 00 00 00 00 00 00 00 00 00 00 00 00 00 00 00 00 00 00 00 00 00 00 00 00 00 00 00 00 00 00 00 00 00 00 00 FC 71
2026-04-21   7:08:11.221 오후   TX        13 2F 02 08 00 08 16 33 CE 2D 00 80 52 82
2026-04-21   7:08:11.343 오후   RX        23 2F 02 12 00 08 16 33 CE 2D 00 73 82 00 00 00 00 00 00 00 00 00 C6 39
2026-04-21   7:08:11.343 오후   TX        13 2F 02 08 00 08 16 33 CE 2D 00 80 52 82
2026-04-21   7:08:11.343 오후   TX        17 2F 02 0C 00 08 16 33 CE 2D 00 C4 C0 01 04 7F 19 A6
2026-04-21   7:08:11.637 오후   RX       104 2F 02 A1 00 08 16 33 CE 2D 00 53 C0 81 04 7F 67 00 00 00 00 00 00 00 B4 00 00 00 1B 01 00 00 00 00 00 00 00 00 00 00 00 00 00 00 00 00 00 00 96 00 00 00 00 00 00 00 00 00 00 00 88 00 00 00 00 00 00 00 00 00 00 00 0E 00 00 00 00 00 00 00 B6 00 00 00 00 00 00 00 B5 00 00 00 3A 01 00 00 42 C0 01 00 00 00 00 00 0D
2026-04-21   7:08:11.707 오후   RX        62 C1 01 00 38 06 00 00 00 00 00 00 28 06 00 00 01 79 EA 00 00 1F 16 00 00 00 00 00 00 F0 26 00 00 81 0D 00 00 37 00 00 00 00 00 00 00 64 01 00 00 00 00 00 00 00 00 00 00 00 00 00 00 CC 26
2026-04-21   7:08:11.707 오후   TX        13 2F 02 08 00 08 16 33 CE 2D 00 80 52 82
2026-04-21   7:08:11.707 오후   TX        17 2F 02 0C 00 08 16 33 CE 2D 00 C4 C0 01 05 9F 01 A6
2026-04-21   7:08:12.005 오후   RX       104 2F 02 98 00 08 16 33 CE 2D 00 73 C0 81 05 9F 6D 23 00 00 71 23 00 00 62 23 00 00 6E 23 00 00 00 00 00 00 9B 22 00 00 88 22 00 00 AE 22 00 00 9F 22 00 00 00 00 00 00 D2 23 00 00 BD 23 00 00 A9 23 00 00 EB 23 00 00 00 00 00 00 4F 24 00 00 38 24 00 00 4C 24 00 00 5C 24 00 00 00 00 00 00 FB 23 00 00 E7 23 00 00 EB
2026-04-21   7:08:12.064 오후   RX        53 23 00 00 0D 24 00 00 00 00 00 00 0F 24 00 00 FC 23 00 00 F4 23 00 00 24 24 00 00 00 00 00 00 90 23 00 00 7D 23 00 00 6D 23 00 00 A8 23 00 00 00 00 00 00 E9 D8
2026-04-21   7:08:12.064 오후   TX        13 2F 02 08 00 08 16 33 CE 2D 00 80 52 82
2026-04-21   7:08:12.064 오후   TX        17 2F 02 0C 00 08 16 33 CE 2D 00 C4 C0 01 05 7F 89 A7
2026-04-21   7:08:12.340 오후   RX       104 2F 02 98 00 08 16 33 CE 2D 00 53 C0 81 05 7F 3B 23 00 00 3B 23 00 00 F7 22 00 00 2F 23 00 00 00 00 00 00 34 23 00 00 AE 22 00 00 BA 22 00 00 34 23 00 00 00 00 00 00 C3 23 00 00 02 24 00 00 C3 23 00 00 20 24 00 00 00 00 00 00 C9 23 00 00 C9 23 00 00 D1 23 00 00 03 24 00 00 00 00 00 00 D6 23 00 00 D6 23 00 00 AC
2026-04-21   7:08:12.399 오후   RX        53 23 00 00 AE 23 00 00 00 00 00 00 78 23 00 00 78 23 00 00 84 23 00 00 E4 23 00 00 00 00 00 00 F4 23 00 00 F4 23 00 00 B0 23 00 00 13 24 00 00 00 00 00 00 86 4B
2026-04-21   7:08:12.399 오후   TX        13 2F 02 08 00 08 16 33 CE 2D 00 80 52 82
2026-04-21   7:08:12.399 오후   TX        17 2F 02 0C 00 08 16 33 CE 2D 00 C4 C0 01 05 1F A1 A7
2026-04-21   7:08:12.725 오후   RX       104 2F 02 FF 00 08 16 33 CE 2D 00 73 40 81 05 1F 59 B6 95 00 00 00 00 00 59 B6 95 00 D7 EF 46 00 00 00 00 00 D7 EF 46 00 9F C8 A5 00 00 00 00 00 9F C8 A5 00 26 C4 2D 00 00 00 00 00 26 C4 2D 00 9B E4 15 00 00 00 00 00 9B E4 15 00 3A C4 32 00 00 00 00 00 3A C4 32 00 03 41 19 00 00 00 00 00 03 41 19 00 A5 2D 0C 00 00
2026-04-21   7:08:12.836 오후   RX       104 00 00 00 A5 2D 0C 00 64 0E 1C 00 00 00 00 00 64 0E 1C 00 2E B1 4E 00 00 00 00 00 2E B1 4E 00 96 DD 24 00 00 00 00 00 96 DD 24 00 00 F6 56 00 00 00 00 00 00 F6 56 00 00 00 00 00 00 00 00 00 00 00 00 00 00 00 00 00 00 00 00 00 00 00 00 00 00 00 00 00 00 00 00 00 00 00 00 00 E7 21 95 00 00 00 00 00 E7 21 95 00 E4
2026-04-21   7:08:12.895 오후   RX        52 AA 46 00 00 00 00 00 E4 AA 46 00 EB 24 A5 00 00 00 00 00 EB 24 A5 00 53 94 2D 00 00 00 00 00 53 94 2D 00 72 CE 15 00 00 00 00 00 72 CE 15 00 81 8F 32 EB E7
2026-04-21   7:08:12.895 오후   TX        13 2F 02 08 00 08 16 33 CE 2D 00 80 52 82
2026-04-21   7:08:13.147 오후   RX       104 2F 02 FF 00 08 16 33 CE 2D 00 53 01 00 00 00 00 00 81 8F 32 00 E1 28 19 00 00 00 00 00 E1 28 19 00 5C 22 0C 00 00 00 00 00 5C 22 0C 00 BE F3 1B 00 00 00 00 00 BE F3 1B 00 B2 64 4E 00 00 00 00 00 B2 64 4E 00 15 BA 24 00 00 00 00 00 15 BA 24 00 AB A1 56 00 00 00 00 00 AB A1 56 00 00 00 00 00 00 00 00 00 00 00 00
2026-04-21   7:08:13.250 오후   RX       104 00 00 00 00 00 00 00 00 00 00 00 00 00 00 00 00 00 00 00 00 00 00 00 00 00 7F A0 94 00 00 00 00 00 7F A0 94 00 22 67 46 00 00 00 00 00 22 67 46 00 95 92 A4 00 00 00 00 00 95 92 A4 00 F9 6A 2D 00 00 00 00 00 F9 6A 2D 00 95 B8 15 00 00 00 00 00 95 B8 15 00 A2 60 32 00 00 00 00 00 A2 60 32 00 44 0E 19 00 00 00 00
2026-04-21   7:08:13.309 오후   RX        52 00 44 0E 19 00 91 14 0C 00 00 00 00 00 91 14 0C 00 B8 D5 1B 00 00 00 00 00 B8 D5 1B 00 41 27 4E 00 00 00 00 00 41 27 4E 00 FB 99 24 00 00 00 00 00 FB B0 7A
2026-04-21   7:08:13.309 오후   TX        13 2F 02 08 00 08 16 33 CE 2D 00 80 52 82
2026-04-21   7:08:13.595 오후   RX       104 2F 02 FF 00 08 16 33 CE 2D 00 73 02 99 24 00 39 5C 56 00 00 00 00 00 39 5C 56 00 00 00 00 00 00 00 00 00 00 00 00 00 00 00 00 00 00 00 00 00 00 00 00 00 00 00 00 00 00 00 00 00 00 00 00 00 0F 03 92 00 00 00 00 00 0F 03 92 00 1F 44 45 00 00 00 00 00 1F 44 45 00 5D B8 A1 00 00 00 00 00 5D B8 A1 00 E1 A5 2C 00 00
2026-04-21   7:08:13.706 오후   RX       104 00 00 00 E1 A5 2C 00 A3 61 15 00 00 00 00 00 A3 61 15 00 24 89 31 00 00 00 00 00 24 89 31 00 FD 9D 18 00 00 00 00 00 FD 9D 18 00 60 E2 0B 00 00 00 00 00 60 E2 0B 00 B1 5A 1B 00 00 00 00 00 B1 5A 1B 00 30 BF 4C 00 00 00 00 00 30 BF 4C 00 1A 00 24 00 00 00 00 00 1A 00 24 00 87 D4 54 00 00 00 00 00 87 D4 54 00 00
2026-04-21   7:08:13.765 오후   RX        52 00 00 00 00 00 00 00 00 00 00 00 00 00 00 00 00 00 00 00 00 00 00 00 00 00 00 00 00 00 00 00 00 00 00 00 D3 07 8F 00 00 00 00 00 D3 07 8F 00 70 15 44 C4 66
2026-04-21   7:08:13.765 오후   TX        13 2F 02 08 00 08 16 33 CE 2D 00 80 52 82
2026-04-21   7:08:14.016 오후   RX       104 2F 02 FF 00 08 16 33 CE 2D 00 53 03 00 00 00 00 00 70 15 44 00 17 83 9E 00 00 00 00 00 17 83 9E 00 9A CA 2B 00 00 00 00 00 9A CA 2B 00 1C 09 15 00 00 00 00 00 1C 09 15 00 9D 9C 30 00 00 00 00 00 9D 9C 30 00 E9 2A 18 00 00 00 00 00 E9 2A 18 00 9F B4 0B 00 00 00 00 00 9F B4 0B 00 D2 DE 1A 00 00 00 00 00 D2 DE 1A
2026-04-21   7:08:14.125 오후   RX       104 00 4F 12 4B 00 00 00 00 00 4F 12 4B 00 B4 57 23 00 00 00 00 00 B4 57 23 00 A7 07 53 00 00 00 00 00 A7 07 53 00 00 00 00 00 00 00 00 00 00 00 00 00 00 00 00 00 00 00 00 00 00 00 00 00 00 00 00 00 00 00 00 00 00 00 00 00 0E 7B 8B 00 00 00 00 00 0E 7B 8B 00 74 95 42 00 00 00 00 00 74 95 42 00 5B A8 9A 00 00 00 00
2026-04-21   7:08:14.184 오후   RX        52 00 5B A8 9A 00 26 A9 2A 00 00 00 00 00 26 A9 2A 00 05 8D 14 00 00 00 00 00 05 8D 14 00 9F 61 2F 00 00 00 00 00 9F 61 2F 00 00 93 17 00 00 00 00 00 00 7B B0
2026-04-21   7:08:14.184 오후   TX        13 2F 02 08 00 08 16 33 CE 2D 00 80 52 82
2026-04-21   7:08:14.430 오후   RX       104 2F 02 FF 00 08 16 33 CE 2D 00 73 04 93 17 00 B9 73 0B 00 00 00 00 00 B9 73 0B 00 9A 39 1A 00 00 00 00 00 9A 39 1A 00 E7 3E 49 00 00 00 00 00 E7 3E 49 00 B5 94 22 00 00 00 00 00 B5 94 22 00 21 0D 51 00 00 00 00 00 21 0D 51 00 00 00 00 00 00 00 00 00 00 00 00 00 00 00 00 00 00 00 00 00 00 00 00 00 00 00 00 00 00
2026-04-21   7:08:14.540 오후   RX       104 00 00 00 00 00 00 00 28 0B 88 00 00 00 00 00 28 0B 88 00 02 27 41 00 00 00 00 00 02 27 41 00 13 EF 96 00 00 00 00 00 13 EF 96 00 06 96 29 00 00 00 00 00 06 96 29 00 E5 18 14 00 00 00 00 00 E5 18 14 00 F5 36 2E 00 00 00 00 00 F5 36 2E 00 8D F5 16 00 00 00 00 00 8D F5 16 00 DA 30 0B 00 00 00 00 00 DA 30 0B 00 85
2026-04-21   7:08:14.600 오후   RX        52 8E 19 00 00 00 00 00 85 8E 19 00 93 7F 47 00 00 00 00 00 93 7F 47 00 42 DD 21 00 00 00 00 00 42 DD 21 00 98 29 4F 00 00 00 00 00 98 29 4F 00 00 00 00 FC 37
2026-04-21   7:08:14.600 오후   TX        13 2F 02 08 00 08 16 33 CE 2D 00 80 52 82
2026-04-21   7:08:14.746 오후   RX        47 2F 02 2A 00 08 16 33 CE 2D 00 53 85 00 00 00 00 00 00 00 00 00 00 00 00 00 00 00 00 00 00 00 00 00 00 00 00 00 00 00 00 00 00 00 00 00 FA 5B
2026-04-21   7:08:14.746 오후   TX        13 2F 02 08 00 08 16 33 CE 2D 00 80 52 82
2026-04-21   7:08:14.746 오후   TX        17 2F 02 0C 00 08 16 33 CE 2D 00 C4 C0 01 05 2F B5 A7
2026-04-21   7:08:15.065 오후   RX       104 2F 02 FF 00 08 16 33 CE 2D 00 73 40 81 05 2F 2C 01 00 00 00 00 00 00 2C 01 00 00 95 00 00 00 00 00 00 00 95 00 00 00 4E 01 00 00 00 00 00 00 4E 01 00 00 2C 01 00 00 00 00 00 00 2C 01 00 00 95 00 00 00 00 00 00 00 95 00 00 00 4E 01 00 00 00 00 00 00 4E 01 00 00 2B 01 00 00 00 00 00 00 2B 01 00 00 95 00 00 00 00
2026-04-21   7:08:15.175 오후   RX       104 00 00 00 95 00 00 00 4E 01 00 00 00 00 00 00 4E 01 00 00 2B 01 00 00 00 00 00 00 2B 01 00 00 92 00 00 00 00 00 00 00 92 00 00 00 4C 01 00 00 00 00 00 00 4C 01 00 00 00 00 00 00 00 00 00 00 00 00 00 00 00 00 00 00 00 00 00 00 00 00 00 00 00 00 00 00 00 00 00 00 00 00 00 00 C4 00 00 00 00 00 00 00 C4 00 00 00 5E
2026-04-21   7:08:15.234 오후   RX        52 00 00 00 00 00 00 00 5E 00 00 00 DA 00 00 00 00 00 00 00 DA 00 00 00 AE 00 00 00 00 00 00 00 AE 00 00 00 5A 00 00 00 00 00 00 00 5A 00 00 00 C3 00 00 36 A5
2026-04-21   7:08:15.234 오후   TX        13 2F 02 08 00 08 16 33 CE 2D 00 80 52 82
2026-04-21   7:08:15.479 오후   RX       104 2F 02 FF 00 08 16 33 CE 2D 00 53 01 00 00 00 00 00 C3 00 00 00 AC 00 00 00 00 00 00 00 AC 00 00 00 59 00 00 00 00 00 00 00 59 00 00 00 C2 00 00 00 00 00 00 00 C2 00 00 00 C4 00 00 00 00 00 00 00 C4 00 00 00 5E 00 00 00 00 00 00 00 5E 00 00 00 DA 00 00 00 00 00 00 00 DA 00 00 00 00 00 00 00 00 00 00 00 00 00 00
2026-04-21   7:08:15.590 오후   RX       104 00 00 00 00 00 00 00 00 00 00 00 00 00 00 00 00 00 00 00 00 00 00 00 00 00 34 01 00 00 00 00 00 00 34 01 00 00 87 00 00 00 00 00 00 00 87 00 00 00 51 01 00 00 00 00 00 00 51 01 00 00 32 01 00 00 00 00 00 00 32 01 00 00 85 00 00 00 00 00 00 00 85 00 00 00 4D 01 00 00 00 00 00 00 4D 01 00 00 34 01 00 00 00 00 00
2026-04-21   7:08:15.648 오후   RX        52 00 34 01 00 00 87 00 00 00 00 00 00 00 87 00 00 00 51 01 00 00 00 00 00 00 51 01 00 00 32 01 00 00 00 00 00 00 32 01 00 00 81 00 00 00 00 00 00 00 81 0D 7C
2026-04-21   7:08:15.658 오후   TX        13 2F 02 08 00 00 00 00 00 00 00 C0 71 A2
2026-04-21   7:08:15.764 오후   RX        13 2F 02 08 00 08 16 33 CE 2D 00 00 F2 83
2026-04-21   7:08:15.764 오후   TX        29 2F 02 18 00 08 16 33 CE 2D 00 F1 31 32 33 34 35 36 37 38 00 00 00 00 00 00 00 00 DB 67
2026-04-21   7:08:15.905 오후   RX        29 2F 02 18 00 08 16 33 CE 2D 00 00 CE CD CC CB CA C9 C8 C7 EC DC CC BC AC 9C 8C 7C 14 A4
2026-04-21   7:08:15.905 오후   TX        29 2F 02 18 00 08 16 33 CE 2D 00 F1 00 00 00 00 00 00 00 00 CE CD CC CB CA C9 C8 C7 95 8F
2026-04-21   7:08:16.046 오후   RX        29 2F 02 18 00 08 16 33 CE 2D 00 00 FF FF FF FF FF FF FF FF FF FF FF FF FF FF FF FF FE 06
2026-04-21   7:08:16.046 오후   TX        17 2F 02 0C 00 08 16 33 CE 2D 00 C4 C0 01 04 1F 31 A6
2026-04-21   7:08:16.314 오후   RX       104 2F 02 FF 00 08 16 33 CE 2D 00 73 40 81 04 1F 08 03 14 00 0A 00 08 16 33 CE 2D 53 EA 07 04 15 13 08 31 02 E6 07 05 13 0E 29 1E EA 07 04 10 00 00 00 00 00 00 00 00 00 00 00 00 00 00 00 00 00 00 00 00 00 00 00 00 00 00 00 00 00 00 00 00 00 00 00 00 00 00 00 00 00 00 00 00 00 00 00 00 00 00 00 00 00 00 00 00 00 00
2026-04-21   7:08:16.424 오후   RX       104 00 00 00 00 00 00 00 00 00 00 00 00 00 00 00 00 00 00 00 00 00 00 00 00 00 00 00 00 00 00 00 00 00 00 00 00 00 00 00 00 00 00 00 00 00 00 00 00 00 00 00 00 00 00 00 00 00 00 00 00 00 00 00 00 00 00 00 00 00 00 00 00 00 00 00 00 00 00 00 00 00 00 00 00 00 00 00 00 00 00 00 00 00 00 00 00 00 00 00 00 00 00 00 00
2026-04-21   7:08:16.488 오후   RX        52 00 00 00 00 00 00 00 00 00 00 00 00 00 00 00 00 00 00 00 00 00 00 00 00 00 00 00 00 00 00 00 00 00 00 00 00 00 00 00 00 00 00 00 00 00 00 00 00 00 00 7F 20
2026-04-21   7:08:16.488 오후   TX        13 2F 02 08 00 08 16 33 CE 2D 00 80 52 82
2026-04-21   7:08:16.717 오후   RX       104 2F 02 77 00 08 16 33 CE 2D 00 53 81 00 00 00 EA 07 04 10 00 00 00 E8 07 06 01 00 00 00 E7 07 05 18 00 00 00 E7 07 01 01 00 00 00 00 00 00 00 00 00 00 00 00 00 00 00 00 00 00 00 00 00 00 00 00 00 00 00 00 00 00 00 00 00 00 00 00 00 00 00 00 00 00 00 00 00 00 00 00 00 00 00 00 00 00 00 00 00 00 00 00 00 00 00 00
2026-04-21   7:08:16.747 오후   RX        20 00 00 00 00 00 00 00 00 00 00 00 00 00 00 00 00 04 00 E4 BB
2026-04-21   7:08:16.747 오후   TX        13 2F 02 08 00 08 16 33 CE 2D 00 80 52 82
2026-04-21   7:08:16.747 오후   TX        17 2F 02 0C 00 08 16 33 CE 2D 00 C4 C0 01 04 2F 25 A6
2026-04-21   7:08:17.041 오후   RX       104 2F 02 FF 00 08 16 33 CE 2D 00 73 40 81 04 2F 02 01 02 00 00 00 00 00 00 00 00 00 00 00 00 00 00 00 00 00 00 00 00 00 00 00 00 00 00 00 00 00 00 00 00 00 00 00 00 00 00 00 00 00 00 00 00 00 00 00 00 00 00 00 00 00 00 00 00 00 00 00 00 00 00 EA 07 04 10 00 00 00 40 EA 07 04 01 00 00 00 01 EA 07 03 01 00 00 00 03
2026-04-21   7:08:17.143 오후   RX       104 EA 07 02 01 00 00 00 01 EA 07 01 01 00 00 00 01 E9 07 0C 01 00 00 00 01 E9 07 0B 01 00 00 00 03 E9 07 0A 01 00 00 00 01 E9 07 09 01 00 00 00 03 E9 07 08 01 00 00 00 01 E9 07 07 01 00 00 00 01 E9 07 06 01 00 00 00 03 E9 07 05 01 00 00 00 01 E9 07 04 01 00 00 00 01 E9 07 03 01 00 00 00 03 31 00 EA 07 04 10 00 00
2026-04-21   7:08:17.202 오후   RX        52 00 40 EA 07 04 01 00 00 00 01 EA 07 03 01 00 00 00 01 EA 07 02 01 00 00 00 01 EA 07 01 01 00 00 00 01 E9 07 0C 01 00 00 00 01 E9 07 0B 01 00 00 00 01 89 50
2026-04-21   7:08:17.202 오후   TX        13 2F 02 08 00 08 16 33 CE 2D 00 80 52 82
2026-04-21   7:08:17.449 오후   RX       104 2F 02 FF 00 08 16 33 CE 2D 00 53 01 E9 07 0A 01 00 00 00 01 E9 07 09 01 00 00 00 01 E9 07 08 01 00 00 00 01 E9 07 07 01 00 00 00 01 E9 07 06 01 00 00 00 01 E9 07 05 01 00 00 00 01 E9 07 04 01 00 00 00 01 E9 07 03 01 00 00 00 01 31 00 00 00 00 00 00 00 00 00 00 00 00 00 00 00 00 00 00 00 00 00 00 00 00 00 00 00
2026-04-21   7:08:17.561 오후   RX       104 00 00 00 00 00 00 00 00 00 00 00 00 00 00 00 00 00 00 00 00 00 00 00 00 00 00 00 00 00 00 00 00 00 00 00 00 00 00 00 00 00 00 00 00 00 00 00 00 00 00 00 00 00 00 00 00 00 00 00 00 00 00 00 00 00 00 00 00 00 00 00 00 00 00 00 00 00 00 00 00 00 00 00 00 00 00 00 00 00 00 00 00 00 00 00 00 00 00 00 00 00 00 00 00
2026-04-21   7:08:17.618 오후   RX        52 00 00 00 00 00 00 00 00 00 00 00 00 00 00 00 00 00 00 00 00 00 00 00 00 00 00 00 00 00 00 00 00 00 00 00 00 00 00 00 00 00 00 00 00 00 00 00 00 00 00 FC 71
2026-04-21   7:08:17.618 오후   TX        13 2F 02 08 00 08 16 33 CE 2D 00 80 52 82
2026-04-21   7:08:17.736 오후   RX        23 2F 02 12 00 08 16 33 CE 2D 00 73 82 00 00 00 00 00 00 00 00 00 C6 39
2026-04-21   7:08:17.736 오후   TX        13 2F 02 08 00 08 16 33 CE 2D 00 80 52 82
2026-04-21   7:08:17.736 오후   TX        17 2F 02 0C 00 08 16 33 CE 2D 00 C4 C0 01 04 7F 19 A6
2026-04-21   7:08:18.028 오후   RX       104 2F 02 A1 00 08 16 33 CE 2D 00 53 C0 81 04 7F 67 00 00 00 00 00 00 00 B4 00 00 00 1C 01 00 00 00 00 00 00 00 00 00 00 00 00 00 00 00 00 00 00 96 00 00 00 00 00 00 00 00 00 00 00 88 00 00 00 00 00 00 00 00 00 00 00 0E 00 00 00 00 00 00 00 B6 00 00 00 00 00 00 00 B5 00 00 00 3B 01 00 00 81 C0 01 00 00 00 00 00 5A
2026-04-21   7:08:18.100 오후   RX        62 C1 01 00 38 06 00 00 00 00 00 00 28 06 00 00 01 6F EA 00 00 1C 16 00 00 00 00 00 00 F1 26 00 00 85 0D 00 00 37 00 00 00 00 00 00 00 64 01 00 00 58 01 00 00 00 00 00 00 5E 01 00 00 D3 18
2026-04-21   7:08:18.100 오후   TX        13 2F 02 08 00 08 16 33 CE 2D 00 80 52 82
2026-04-21   7:08:18.100 오후   TX        17 2F 02 0C 00 08 16 33 CE 2D 00 C4 C0 01 05 9F 01 A6
2026-04-21   7:08:18.393 오후   RX       104 2F 02 98 00 08 16 33 CE 2D 00 73 C0 81 05 9F 6D 23 00 00 71 23 00 00 62 23 00 00 6E 23 00 00 00 00 00 00 9B 22 00 00 88 22 00 00 AE 22 00 00 9F 22 00 00 00 00 00 00 D2 23 00 00 BD 23 00 00 A9 23 00 00 EB 23 00 00 00 00 00 00 4F 24 00 00 38 24 00 00 4C 24 00 00 5C 24 00 00 00 00 00 00 FB 23 00 00 E7 23 00 00 EB
2026-04-21   7:08:18.452 오후   RX        53 23 00 00 0D 24 00 00 00 00 00 00 0F 24 00 00 FC 23 00 00 F4 23 00 00 24 24 00 00 00 00 00 00 90 23 00 00 7D 23 00 00 6D 23 00 00 A8 23 00 00 00 00 00 00 E9 D8
2026-04-21   7:08:18.452 오후   TX        13 2F 02 08 00 08 16 33 CE 2D 00 80 52 82
2026-04-21   7:08:18.452 오후   TX        17 2F 02 0C 00 08 16 33 CE 2D 00 C4 C0 01 05 7F 89 A7
2026-04-21   7:08:18.720 오후   RX       104 2F 02 98 00 08 16 33 CE 2D 00 53 C0 81 05 7F 3B 23 00 00 3B 23 00 00 F7 22 00 00 2F 23 00 00 00 00 00 00 34 23 00 00 AE 22 00 00 BA 22 00 00 34 23 00 00 00 00 00 00 C3 23 00 00 02 24 00 00 C3 23 00 00 20 24 00 00 00 00 00 00 C9 23 00 00 C9 23 00 00 D1 23 00 00 03 24 00 00 00 00 00 00 D6 23 00 00 D6 23 00 00 AC
2026-04-21   7:08:18.778 오후   RX        53 23 00 00 AE 23 00 00 00 00 00 00 78 23 00 00 78 23 00 00 84 23 00 00 E4 23 00 00 00 00 00 00 F4 23 00 00 F4 23 00 00 B0 23 00 00 13 24 00 00 00 00 00 00 86 4B
2026-04-21   7:08:18.778 오후   TX        13 2F 02 08 00 08 16 33 CE 2D 00 80 52 82
2026-04-21   7:08:18.778 오후   TX        17 2F 02 0C 00 08 16 33 CE 2D 00 C4 C0 01 05 1F A1 A7
2026-04-21   7:08:19.105 오후   RX       104 2F 02 FF 00 08 16 33 CE 2D 00 73 40 81 05 1F 5A B6 95 00 00 00 00 00 5A B6 95 00 D7 EF 46 00 00 00 00 00 D7 EF 46 00 A0 C8 A5 00 00 00 00 00 A0 C8 A5 00 26 C4 2D 00 00 00 00 00 26 C4 2D 00 9B E4 15 00 00 00 00 00 9B E4 15 00 3A C4 32 00 00 00 00 00 3A C4 32 00 04 41 19 00 00 00 00 00 04 41 19 00 A5 2D 0C 00 00
2026-04-21   7:08:19.211 오후   RX       104 00 00 00 A5 2D 0C 00 65 0E 1C 00 00 00 00 00 65 0E 1C 00 2E B1 4E 00 00 00 00 00 2E B1 4E 00 96 DD 24 00 00 00 00 00 96 DD 24 00 00 F6 56 00 00 00 00 00 00 F6 56 00 00 00 00 00 00 00 00 00 00 00 00 00 00 00 00 00 00 00 00 00 00 00 00 00 00 00 00 00 00 00 00 00 00 00 00 00 E7 21 95 00 00 00 00 00 E7 21 95 00 E4
2026-04-21   7:08:19.270 오후   RX        52 AA 46 00 00 00 00 00 E4 AA 46 00 EB 24 A5 00 00 00 00 00 EB 24 A5 00 53 94 2D 00 00 00 00 00 53 94 2D 00 72 CE 15 00 00 00 00 00 72 CE 15 00 81 8F 32 85 40
2026-04-21   7:08:19.270 오후   TX        13 2F 02 08 00 08 16 33 CE 2D 00 80 52 82
2026-04-21   7:08:19.520 오후   RX       104 2F 02 FF 00 08 16 33 CE 2D 00 53 01 00 00 00 00 00 81 8F 32 00 E1 28 19 00 00 00 00 00 E1 28 19 00 5C 22 0C 00 00 00 00 00 5C 22 0C 00 BE F3 1B 00 00 00 00 00 BE F3 1B 00 B2 64 4E 00 00 00 00 00 B2 64 4E 00 15 BA 24 00 00 00 00 00 15 BA 24 00 AB A1 56 00 00 00 00 00 AB A1 56 00 00 00 00 00 00 00 00 00 00 00 00
2026-04-21   7:08:19.629 오후   RX       104 00 00 00 00 00 00 00 00 00 00 00 00 00 00 00 00 00 00 00 00 00 00 00 00 00 7F A0 94 00 00 00 00 00 7F A0 94 00 22 67 46 00 00 00 00 00 22 67 46 00 95 92 A4 00 00 00 00 00 95 92 A4 00 F9 6A 2D 00 00 00 00 00 F9 6A 2D 00 95 B8 15 00 00 00 00 00 95 B8 15 00 A2 60 32 00 00 00 00 00 A2 60 32 00 44 0E 19 00 00 00 00
2026-04-21   7:08:19.683 오후   RX        52 00 44 0E 19 00 91 14 0C 00 00 00 00 00 91 14 0C 00 B8 D5 1B 00 00 00 00 00 B8 D5 1B 00 41 27 4E 00 00 00 00 00 41 27 4E 00 FB 99 24 00 00 00 00 00 FB B0 7A
2026-04-21   7:08:19.683 오후   TX        13 2F 02 08 00 08 16 33 CE 2D 00 80 52 82
2026-04-21   7:08:19.970 오후   RX       104 2F 02 FF 00 08 16 33 CE 2D 00 73 02 99 24 00 39 5C 56 00 00 00 00 00 39 5C 56 00 00 00 00 00 00 00 00 00 00 00 00 00 00 00 00 00 00 00 00 00 00 00 00 00 00 00 00 00 00 00 00 00 00 00 00 00 0F 03 92 00 00 00 00 00 0F 03 92 00 1F 44 45 00 00 00 00 00 1F 44 45 00 5D B8 A1 00 00 00 00 00 5D B8 A1 00 E1 A5 2C 00 00
2026-04-21   7:08:20.075 오후   RX       104 00 00 00 E1 A5 2C 00 A3 61 15 00 00 00 00 00 A3 61 15 00 24 89 31 00 00 00 00 00 24 89 31 00 FD 9D 18 00 00 00 00 00 FD 9D 18 00 60 E2 0B 00 00 00 00 00 60 E2 0B 00 B1 5A 1B 00 00 00 00 00 B1 5A 1B 00 30 BF 4C 00 00 00 00 00 30 BF 4C 00 1A 00 24 00 00 00 00 00 1A 00 24 00 87 D4 54 00 00 00 00 00 87 D4 54 00 00
2026-04-21   7:08:20.138 오후   RX        52 00 00 00 00 00 00 00 00 00 00 00 00 00 00 00 00 00 00 00 00 00 00 00 00 00 00 00 00 00 00 00 00 00 00 00 D3 07 8F 00 00 00 00 00 D3 07 8F 00 70 15 44 C4 66
2026-04-21   7:08:20.138 오후   TX        13 2F 02 08 00 08 16 33 CE 2D 00 80 52 82
2026-04-21   7:08:20.388 오후   RX       104 2F 02 FF 00 08 16 33 CE 2D 00 53 03 00 00 00 00 00 70 15 44 00 17 83 9E 00 00 00 00 00 17 83 9E 00 9A CA 2B 00 00 00 00 00 9A CA 2B 00 1C 09 15 00 00 00 00 00 1C 09 15 00 9D 9C 30 00 00 00 00 00 9D 9C 30 00 E9 2A 18 00 00 00 00 00 E9 2A 18 00 9F B4 0B 00 00 00 00 00 9F B4 0B 00 D2 DE 1A 00 00 00 00 00 D2 DE 1A
2026-04-21   7:08:20.499 오후   RX       104 00 4F 12 4B 00 00 00 00 00 4F 12 4B 00 B4 57 23 00 00 00 00 00 B4 57 23 00 A7 07 53 00 00 00 00 00 A7 07 53 00 00 00 00 00 00 00 00 00 00 00 00 00 00 00 00 00 00 00 00 00 00 00 00 00 00 00 00 00 00 00 00 00 00 00 00 00 0E 7B 8B 00 00 00 00 00 0E 7B 8B 00 74 95 42 00 00 00 00 00 74 95 42 00 5B A8 9A 00 00 00 00
2026-04-21   7:08:20.552 오후   RX        52 00 5B A8 9A 00 26 A9 2A 00 00 00 00 00 26 A9 2A 00 05 8D 14 00 00 00 00 00 05 8D 14 00 9F 61 2F 00 00 00 00 00 9F 61 2F 00 00 93 17 00 00 00 00 00 00 7B B0
2026-04-21   7:08:20.552 오후   TX        13 2F 02 08 00 08 16 33 CE 2D 00 80 52 82
2026-04-21   7:08:20.797 오후   RX       104 2F 02 FF 00 08 16 33 CE 2D 00 73 04 93 17 00 B9 73 0B 00 00 00 00 00 B9 73 0B 00 9A 39 1A 00 00 00 00 00 9A 39 1A 00 E7 3E 49 00 00 00 00 00 E7 3E 49 00 B5 94 22 00 00 00 00 00 B5 94 22 00 21 0D 51 00 00 00 00 00 21 0D 51 00 00 00 00 00 00 00 00 00 00 00 00 00 00 00 00 00 00 00 00 00 00 00 00 00 00 00 00 00 00
2026-04-21   7:08:20.902 오후   RX       104 00 00 00 00 00 00 00 28 0B 88 00 00 00 00 00 28 0B 88 00 02 27 41 00 00 00 00 00 02 27 41 00 13 EF 96 00 00 00 00 00 13 EF 96 00 06 96 29 00 00 00 00 00 06 96 29 00 E5 18 14 00 00 00 00 00 E5 18 14 00 F5 36 2E 00 00 00 00 00 F5 36 2E 00 8D F5 16 00 00 00 00 00 8D F5 16 00 DA 30 0B 00 00 00 00 00 DA 30 0B 00 85
2026-04-21   7:08:20.966 오후   RX        52 8E 19 00 00 00 00 00 85 8E 19 00 93 7F 47 00 00 00 00 00 93 7F 47 00 42 DD 21 00 00 00 00 00 42 DD 21 00 98 29 4F 00 00 00 00 00 98 29 4F 00 00 00 00 FC 37
2026-04-21   7:08:20.966 오후   TX        13 2F 02 08 00 08 16 33 CE 2D 00 80 52 82
2026-04-21   7:08:21.109 오후   RX        47 2F 02 2A 00 08 16 33 CE 2D 00 53 85 00 00 00 00 00 00 00 00 00 00 00 00 00 00 00 00 00 00 00 00 00 00 00 00 00 00 00 00 00 00 00 00 00 FA 5B
2026-04-21   7:08:21.109 오후   TX        13 2F 02 08 00 08 16 33 CE 2D 00 80 52 82
2026-04-21   7:08:21.109 오후   TX        17 2F 02 0C 00 08 16 33 CE 2D 00 C4 C0 01 05 2F B5 A7
2026-04-21   7:08:21.431 오후   RX       104 2F 02 FF 00 08 16 33 CE 2D 00 73 40 81 05 2F 2C 01 00 00 00 00 00 00 2C 01 00 00 95 00 00 00 00 00 00 00 95 00 00 00 4E 01 00 00 00 00 00 00 4E 01 00 00 2C 01 00 00 00 00 00 00 2C 01 00 00 95 00 00 00 00 00 00 00 95 00 00 00 4E 01 00 00 00 00 00 00 4E 01 00 00 2B 01 00 00 00 00 00 00 2B 01 00 00 95 00 00 00 00
2026-04-21   7:08:21.542 오후   RX       104 00 00 00 95 00 00 00 4E 01 00 00 00 00 00 00 4E 01 00 00 2B 01 00 00 00 00 00 00 2B 01 00 00 92 00 00 00 00 00 00 00 92 00 00 00 4C 01 00 00 00 00 00 00 4C 01 00 00 00 00 00 00 00 00 00 00 00 00 00 00 00 00 00 00 00 00 00 00 00 00 00 00 00 00 00 00 00 00 00 00 00 00 00 00 C4 00 00 00 00 00 00 00 C4 00 00 00 5E
2026-04-21   7:08:21.595 오후   RX        52 00 00 00 00 00 00 00 5E 00 00 00 DA 00 00 00 00 00 00 00 DA 00 00 00 AE 00 00 00 00 00 00 00 AE 00 00 00 5A 00 00 00 00 00 00 00 5A 00 00 00 C3 00 00 36 A5
2026-04-21   7:08:21.595 오후   TX        13 2F 02 08 00 08 16 33 CE 2D 00 80 52 82
2026-04-21   7:08:21.839 오후   RX       104 2F 02 FF 00 08 16 33 CE 2D 00 53 01 00 00 00 00 00 C3 00 00 00 AC 00 00 00 00 00 00 00 AC 00 00 00 59 00 00 00 00 00 00 00 59 00 00 00 C2 00 00 00 00 00 00 00 C2 00 00 00 C4 00 00 00 00 00 00 00 C4 00 00 00 5E 00 00 00 00 00 00 00 5E 00 00 00 DA 00 00 00 00 00 00 00 DA 00 00 00 00 00 00 00 00 00 00 00 00 00 00
2026-04-21   7:08:21.951 오후   RX       104 00 00 00 00 00 00 00 00 00 00 00 00 00 00 00 00 00 00 00 00 00 00 00 00 00 34 01 00 00 00 00 00 00 34 01 00 00 87 00 00 00 00 00 00 00 87 00 00 00 51 01 00 00 00 00 00 00 51 01 00 00 32 01 00 00 00 00 00 00 32 01 00 00 85 00 00 00 00 00 00 00 85 00 00 00 4D 01 00 00 00 00 00 00 4D 01 00 00 34 01 00 00 00 00 00
2026-04-21   7:08:22.009 오후   RX        52 00 34 01 00 00 87 00 00 00 00 00 00 00 87 00 00 00 51 01 00 00 00 00 00 00 51 01 00 00 32 01 00 00 00 00 00 00 32 01 00 00 81 00 00 00 00 00 00 00 81 0D 7C
2026-04-21   7:08:22.019 오후   TX        13 2F 02 08 00 00 00 00 00 00 00 C0 71 A2
2026-04-21   7:08:22.131 오후   RX        13 2F 02 08 00 08 16 33 CE 2D 00 00 F2 83
2026-04-21   7:08:22.131 오후   TX        29 2F 02 18 00 08 16 33 CE 2D 00 F1 31 32 33 34 35 36 37 38 00 00 00 00 00 00 00 00 DB 67
2026-04-21   7:08:22.273 오후   RX        29 2F 02 18 00 08 16 33 CE 2D 00 00 CE CD CC CB CA C9 C8 C7 EC DC CC BC AC 9C 8C 7C 14 A4
2026-04-21   7:08:22.273 오후   TX        29 2F 02 18 00 08 16 33 CE 2D 00 F1 00 00 00 00 00 00 00 00 CE CD CC CB CA C9 C8 C7 95 8F
2026-04-21   7:08:22.415 오후   RX        29 2F 02 18 00 08 16 33 CE 2D 00 00 FF FF FF FF FF FF FF FF FF FF FF FF FF FF FF FF FE 06
2026-04-21   7:08:22.415 오후   TX        17 2F 02 0C 00 08 16 33 CE 2D 00 C4 C0 01 04 1F 31 A6
2026-04-21   7:08:22.678 오후   RX       104 2F 02 FF 00 08 16 33 CE 2D 00 73 40 81 04 1F 08 03 14 00 0A 00 08 16 33 CE 2D 53 EA 07 04 15 13 08 38 02 E6 07 05 13 0E 29 1E EA 07 04 10 00 00 00 00 00 00 00 00 00 00 00 00 00 00 00 00 00 00 00 00 00 00 00 00 00 00 00 00 00 00 00 00 00 00 00 00 00 00 00 00 00 00 00 00 00 00 00 00 00 00 00 00 00 00 00 00 00 00
2026-04-21   7:08:22.790 오후   RX       104 00 00 00 00 00 00 00 00 00 00 00 00 00 00 00 00 00 00 00 00 00 00 00 00 00 00 00 00 00 00 00 00 00 00 00 00 00 00 00 00 00 00 00 00 00 00 00 00 00 00 00 00 00 00 00 00 00 00 00 00 00 00 00 00 00 00 00 00 00 00 00 00 00 00 00 00 00 00 00 00 00 00 00 00 00 00 00 00 00 00 00 00 00 00 00 00 00 00 00 00 00 00 00 00
2026-04-21   7:08:22.846 오후   RX        52 00 00 00 00 00 00 00 00 00 00 00 00 00 00 00 00 00 00 00 00 00 00 00 00 00 00 00 00 00 00 00 00 00 00 00 00 00 00 00 00 00 00 00 00 00 00 00 00 00 00 7C EC
2026-04-21   7:08:22.846 오후   TX        13 2F 02 08 00 08 16 33 CE 2D 00 80 52 82
2026-04-21   7:08:23.072 오후   RX       104 2F 02 77 00 08 16 33 CE 2D 00 53 81 00 00 00 EA 07 04 10 00 00 00 E8 07 06 01 00 00 00 E7 07 05 18 00 00 00 E7 07 01 01 00 00 00 00 00 00 00 00 00 00 00 00 00 00 00 00 00 00 00 00 00 00 00 00 00 00 00 00 00 00 00 00 00 00 00 00 00 00 00 00 00 00 00 00 00 00 00 00 00 00 00 00 00 00 00 00 00 00 00 00 00 00 00 00
2026-04-21   7:08:23.094 오후   RX        20 00 00 00 00 00 00 00 00 00 00 00 00 00 00 00 00 04 00 E4 BB
2026-04-21   7:08:23.094 오후   TX        13 2F 02 08 00 08 16 33 CE 2D 00 80 52 82
2026-04-21   7:08:23.094 오후   TX        17 2F 02 0C 00 08 16 33 CE 2D 00 C4 C0 01 04 2F 25 A6
2026-04-21   7:08:23.383 오후   RX       104 2F 02 FF 00 08 16 33 CE 2D 00 73 40 81 04 2F 02 01 02 00 00 00 00 00 00 00 00 00 00 00 00 00 00 00 00 00 00 00 00 00 00 00 00 00 00 00 00 00 00 00 00 00 00 00 00 00 00 00 00 00 00 00 00 00 00 00 00 00 00 00 00 00 00 00 00 00 00 00 00 00 00 EA 07 04 10 00 00 00 40 EA 07 04 01 00 00 00 01 EA 07 03 01 00 00 00 03
2026-04-21   7:08:23.492 오후   RX       104 EA 07 02 01 00 00 00 01 EA 07 01 01 00 00 00 01 E9 07 0C 01 00 00 00 01 E9 07 0B 01 00 00 00 03 E9 07 0A 01 00 00 00 01 E9 07 09 01 00 00 00 03 E9 07 08 01 00 00 00 01 E9 07 07 01 00 00 00 01 E9 07 06 01 00 00 00 03 E9 07 05 01 00 00 00 01 E9 07 04 01 00 00 00 01 E9 07 03 01 00 00 00 03 31 00 EA 07 04 10 00 00
2026-04-21   7:08:23.557 오후   RX        52 00 40 EA 07 04 01 00 00 00 01 EA 07 03 01 00 00 00 01 EA 07 02 01 00 00 00 01 EA 07 01 01 00 00 00 01 E9 07 0C 01 00 00 00 01 E9 07 0B 01 00 00 00 01 89 50
2026-04-21   7:08:23.557 오후   TX        13 2F 02 08 00 08 16 33 CE 2D 00 80 52 82
2026-04-21   7:08:23.802 오후   RX       104 2F 02 FF 00 08 16 33 CE 2D 00 53 01 E9 07 0A 01 00 00 00 01 E9 07 09 01 00 00 00 01 E9 07 08 01 00 00 00 01 E9 07 07 01 00 00 00 01 E9 07 06 01 00 00 00 01 E9 07 05 01 00 00 00 01 E9 07 04 01 00 00 00 01 E9 07 03 01 00 00 00 01 31 00 00 00 00 00 00 00 00 00 00 00 00 00 00 00 00 00 00 00 00 00 00 00 00 00 00 00
2026-04-21   7:08:23.913 오후   RX       104 00 00 00 00 00 00 00 00 00 00 00 00 00 00 00 00 00 00 00 00 00 00 00 00 00 00 00 00 00 00 00 00 00 00 00 00 00 00 00 00 00 00 00 00 00 00 00 00 00 00 00 00 00 00 00 00 00 00 00 00 00 00 00 00 00 00 00 00 00 00 00 00 00 00 00 00 00 00 00 00 00 00 00 00 00 00 00 00 00 00 00 00 00 00 00 00 00 00 00 00 00 00 00 00
2026-04-21   7:08:23.967 오후   RX        52 00 00 00 00 00 00 00 00 00 00 00 00 00 00 00 00 00 00 00 00 00 00 00 00 00 00 00 00 00 00 00 00 00 00 00 00 00 00 00 00 00 00 00 00 00 00 00 00 00 00 FC 71
2026-04-21   7:08:23.967 오후   TX        13 2F 02 08 00 08 16 33 CE 2D 00 80 52 82
2026-04-21   7:08:24.088 오후   RX        23 2F 02 12 00 08 16 33 CE 2D 00 73 82 00 00 00 00 00 00 00 00 00 C6 39
2026-04-21   7:08:24.088 오후   TX        13 2F 02 08 00 08 16 33 CE 2D 00 80 52 82
2026-04-21   7:08:24.088 오후   TX        17 2F 02 0C 00 08 16 33 CE 2D 00 C4 C0 01 04 7F 19 A6
2026-04-21   7:08:24.382 오후   RX       104 2F 02 A1 00 08 16 33 CE 2D 00 53 C0 81 04 7F 67 00 00 00 00 00 00 00 B4 00 00 00 1B 01 00 00 00 00 00 00 00 00 00 00 00 00 00 00 00 00 00 00 96 00 00 00 00 00 00 00 00 00 00 00 87 00 00 00 00 00 00 00 00 00 00 00 0E 00 00 00 00 00 00 00 B6 00 00 00 00 00 00 00 B4 00 00 00 3A 01 00 00 35 C0 01 00 00 00 00 00 12
2026-04-21   7:08:24.451 오후   RX        62 C1 01 00 36 06 00 00 00 00 00 00 27 06 00 00 01 63 EA 00 00 21 16 00 00 00 00 00 00 F0 26 00 00 76 0D 00 00 37 00 00 00 00 00 00 00 64 01 00 00 50 01 00 00 00 00 00 00 5B 01 00 00 13 23
2026-04-21   7:08:24.451 오후   TX        13 2F 02 08 00 08 16 33 CE 2D 00 80 52 82
2026-04-21   7:08:24.451 오후   TX        17 2F 02 0C 00 08 16 33 CE 2D 00 C4 C0 01 05 9F 01 A6
2026-04-21   7:08:24.743 오후   RX       104 2F 02 98 00 08 16 33 CE 2D 00 73 C0 81 05 9F 6D 23 00 00 71 23 00 00 62 23 00 00 6E 23 00 00 00 00 00 00 9B 22 00 00 88 22 00 00 AE 22 00 00 9F 22 00 00 00 00 00 00 D2 23 00 00 BD 23 00 00 A9 23 00 00 EB 23 00 00 00 00 00 00 4F 24 00 00 38 24 00 00 4C 24 00 00 5C 24 00 00 00 00 00 00 FB 23 00 00 E7 23 00 00 EB
2026-04-21   7:08:24.802 오후   RX        53 23 00 00 0D 24 00 00 00 00 00 00 0F 24 00 00 FC 23 00 00 F4 23 00 00 24 24 00 00 00 00 00 00 90 23 00 00 7D 23 00 00 6D 23 00 00 A8 23 00 00 00 00 00 00 E9 D8
2026-04-21   7:08:24.802 오후   TX        13 2F 02 08 00 08 16 33 CE 2D 00 80 52 82
2026-04-21   7:08:24.802 오후   TX        17 2F 02 0C 00 08 16 33 CE 2D 00 C4 C0 01 05 7F 89 A7
2026-04-21   7:08:25.073 오후   RX       104 2F 02 98 00 08 16 33 CE 2D 00 53 C0 81 05 7F 3B 23 00 00 3B 23 00 00 F7 22 00 00 2F 23 00 00 00 00 00 00 34 23 00 00 AE 22 00 00 BA 22 00 00 34 23 00 00 00 00 00 00 C3 23 00 00 02 24 00 00 C3 23 00 00 20 24 00 00 00 00 00 00 C9 23 00 00 C9 23 00 00 D1 23 00 00 03 24 00 00 00 00 00 00 D6 23 00 00 D6 23 00 00 AC
2026-04-21   7:08:25.130 오후   RX        53 23 00 00 AE 23 00 00 00 00 00 00 78 23 00 00 78 23 00 00 84 23 00 00 E4 23 00 00 00 00 00 00 F4 23 00 00 F4 23 00 00 B0 23 00 00 13 24 00 00 00 00 00 00 86 4B
2026-04-21   7:08:25.130 오후   TX        13 2F 02 08 00 08 16 33 CE 2D 00 80 52 82
2026-04-21   7:08:25.130 오후   TX        17 2F 02 0C 00 08 16 33 CE 2D 00 C4 C0 01 05 1F A1 A7
2026-04-21   7:08:25.457 오후   RX       104 2F 02 FF 00 08 16 33 CE 2D 00 73 40 81 05 1F 5A B6 95 00 00 00 00 00 5A B6 95 00 D7 EF 46 00 00 00 00 00 D7 EF 46 00 A1 C8 A5 00 00 00 00 00 A1 C8 A5 00 26 C4 2D 00 00 00 00 00 26 C4 2D 00 9B E4 15 00 00 00 00 00 9B E4 15 00 3A C4 32 00 00 00 00 00 3A C4 32 00 04 41 19 00 00 00 00 00 04 41 19 00 A5 2D 0C 00 00
2026-04-21   7:08:25.567 오후   RX       104 00 00 00 A5 2D 0C 00 65 0E 1C 00 00 00 00 00 65 0E 1C 00 2E B1 4E 00 00 00 00 00 2E B1 4E 00 96 DD 24 00 00 00 00 00 96 DD 24 00 00 F6 56 00 00 00 00 00 00 F6 56 00 00 00 00 00 00 00 00 00 00 00 00 00 00 00 00 00 00 00 00 00 00 00 00 00 00 00 00 00 00 00 00 00 00 00 00 00 E7 21 95 00 00 00 00 00 E7 21 95 00 E4
2026-04-21   7:08:25.626 오후   RX        52 AA 46 00 00 00 00 00 E4 AA 46 00 EB 24 A5 00 00 00 00 00 EB 24 A5 00 53 94 2D 00 00 00 00 00 53 94 2D 00 72 CE 15 00 00 00 00 00 72 CE 15 00 81 8F 32 A4 4C
2026-04-21   7:08:25.626 오후   TX        13 2F 02 08 00 08 16 33 CE 2D 00 80 52 82
2026-04-21   7:08:25.872 오후   RX       104 2F 02 FF 00 08 16 33 CE 2D 00 53 01 00 00 00 00 00 81 8F 32 00 E1 28 19 00 00 00 00 00 E1 28 19 00 5C 22 0C 00 00 00 00 00 5C 22 0C 00 BE F3 1B 00 00 00 00 00 BE F3 1B 00 B2 64 4E 00 00 00 00 00 B2 64 4E 00 15 BA 24 00 00 00 00 00 15 BA 24 00 AB A1 56 00 00 00 00 00 AB A1 56 00 00 00 00 00 00 00 00 00 00 00 00
2026-04-21   7:08:25.978 오후   RX       104 00 00 00 00 00 00 00 00 00 00 00 00 00 00 00 00 00 00 00 00 00 00 00 00 00 7F A0 94 00 00 00 00 00 7F A0 94 00 22 67 46 00 00 00 00 00 22 67 46 00 95 92 A4 00 00 00 00 00 95 92 A4 00 F9 6A 2D 00 00 00 00 00 F9 6A 2D 00 95 B8 15 00 00 00 00 00 95 B8 15 00 A2 60 32 00 00 00 00 00 A2 60 32 00 44 0E 19 00 00 00 00
2026-04-21   7:08:26.042 오후   RX        52 00 44 0E 19 00 91 14 0C 00 00 00 00 00 91 14 0C 00 B8 D5 1B 00 00 00 00 00 B8 D5 1B 00 41 27 4E 00 00 00 00 00 41 27 4E 00 FB 99 24 00 00 00 00 00 FB B0 7A
2026-04-21   7:08:26.042 오후   TX        13 2F 02 08 00 08 16 33 CE 2D 00 80 52 82
2026-04-21   7:08:26.323 오후   RX       104 2F 02 FF 00 08 16 33 CE 2D 00 73 02 99 24 00 39 5C 56 00 00 00 00 00 39 5C 56 00 00 00 00 00 00 00 00 00 00 00 00 00 00 00 00 00 00 00 00 00 00 00 00 00 00 00 00 00 00 00 00 00 00 00 00 00 0F 03 92 00 00 00 00 00 0F 03 92 00 1F 44 45 00 00 00 00 00 1F 44 45 00 5D B8 A1 00 00 00 00 00 5D B8 A1 00 E1 A5 2C 00 00
2026-04-21   7:08:26.435 오후   RX       104 00 00 00 E1 A5 2C 00 A3 61 15 00 00 00 00 00 A3 61 15 00 24 89 31 00 00 00 00 00 24 89 31 00 FD 9D 18 00 00 00 00 00 FD 9D 18 00 60 E2 0B 00 00 00 00 00 60 E2 0B 00 B1 5A 1B 00 00 00 00 00 B1 5A 1B 00 30 BF 4C 00 00 00 00 00 30 BF 4C 00 1A 00 24 00 00 00 00 00 1A 00 24 00 87 D4 54 00 00 00 00 00 87 D4 54 00 00
2026-04-21   7:08:26.497 오후   RX        52 00 00 00 00 00 00 00 00 00 00 00 00 00 00 00 00 00 00 00 00 00 00 00 00 00 00 00 00 00 00 00 00 00 00 00 D3 07 8F 00 00 00 00 00 D3 07 8F 00 70 15 44 C4 66
2026-04-21   7:08:26.497 오후   TX        13 2F 02 08 00 08 16 33 CE 2D 00 80 52 82
2026-04-21   7:08:26.749 오후   RX       104 2F 02 FF 00 08 16 33 CE 2D 00 53 03 00 00 00 00 00 70 15 44 00 17 83 9E 00 00 00 00 00 17 83 9E 00 9A CA 2B 00 00 00 00 00 9A CA 2B 00 1C 09 15 00 00 00 00 00 1C 09 15 00 9D 9C 30 00 00 00 00 00 9D 9C 30 00 E9 2A 18 00 00 00 00 00 E9 2A 18 00 9F B4 0B 00 00 00 00 00 9F B4 0B 00 D2 DE 1A 00 00 00 00 00 D2 DE 1A
2026-04-21   7:08:26.861 오후   RX       104 00 4F 12 4B 00 00 00 00 00 4F 12 4B 00 B4 57 23 00 00 00 00 00 B4 57 23 00 A7 07 53 00 00 00 00 00 A7 07 53 00 00 00 00 00 00 00 00 00 00 00 00 00 00 00 00 00 00 00 00 00 00 00 00 00 00 00 00 00 00 00 00 00 00 00 00 00 0E 7B 8B 00 00 00 00 00 0E 7B 8B 00 74 95 42 00 00 00 00 00 74 95 42 00 5B A8 9A 00 00 00 00
2026-04-21   7:08:26.913 오후   RX        52 00 5B A8 9A 00 26 A9 2A 00 00 00 00 00 26 A9 2A 00 05 8D 14 00 00 00 00 00 05 8D 14 00 9F 61 2F 00 00 00 00 00 9F 61 2F 00 00 93 17 00 00 00 00 00 00 7B B0
2026-04-21   7:08:26.913 오후   TX        13 2F 02 08 00 08 16 33 CE 2D 00 80 52 82
2026-04-21   7:08:27.159 오후   RX       104 2F 02 FF 00 08 16 33 CE 2D 00 73 04 93 17 00 B9 73 0B 00 00 00 00 00 B9 73 0B 00 9A 39 1A 00 00 00 00 00 9A 39 1A 00 E7 3E 49 00 00 00 00 00 E7 3E 49 00 B5 94 22 00 00 00 00 00 B5 94 22 00 21 0D 51 00 00 00 00 00 21 0D 51 00 00 00 00 00 00 00 00 00 00 00 00 00 00 00 00 00 00 00 00 00 00 00 00 00 00 00 00 00 00
2026-04-21   7:08:27.271 오후   RX       104 00 00 00 00 00 00 00 28 0B 88 00 00 00 00 00 28 0B 88 00 02 27 41 00 00 00 00 00 02 27 41 00 13 EF 96 00 00 00 00 00 13 EF 96 00 06 96 29 00 00 00 00 00 06 96 29 00 E5 18 14 00 00 00 00 00 E5 18 14 00 F5 36 2E 00 00 00 00 00 F5 36 2E 00 8D F5 16 00 00 00 00 00 8D F5 16 00 DA 30 0B 00 00 00 00 00 DA 30 0B 00 85
2026-04-21   7:08:27.323 오후   RX        52 8E 19 00 00 00 00 00 85 8E 19 00 93 7F 47 00 00 00 00 00 93 7F 47 00 42 DD 21 00 00 00 00 00 42 DD 21 00 98 29 4F 00 00 00 00 00 98 29 4F 00 00 00 00 FC 37
2026-04-21   7:08:27.323 오후   TX        13 2F 02 08 00 08 16 33 CE 2D 00 80 52 82
2026-04-21   7:08:27.469 오후   RX        47 2F 02 2A 00 08 16 33 CE 2D 00 53 85 00 00 00 00 00 00 00 00 00 00 00 00 00 00 00 00 00 00 00 00 00 00 00 00 00 00 00 00 00 00 00 00 00 FA 5B
2026-04-21   7:08:27.469 오후   TX        13 2F 02 08 00 08 16 33 CE 2D 00 80 52 82
2026-04-21   7:08:27.469 오후   TX        17 2F 02 0C 00 08 16 33 CE 2D 00 C4 C0 01 05 2F B5 A7
2026-04-21   7:08:27.791 오후   RX       104 2F 02 FF 00 08 16 33 CE 2D 00 73 40 81 05 2F 2C 01 00 00 00 00 00 00 2C 01 00 00 95 00 00 00 00 00 00 00 95 00 00 00 4E 01 00 00 00 00 00 00 4E 01 00 00 2C 01 00 00 00 00 00 00 2C 01 00 00 95 00 00 00 00 00 00 00 95 00 00 00 4E 01 00 00 00 00 00 00 4E 01 00 00 2B 01 00 00 00 00 00 00 2B 01 00 00 95 00 00 00 00
2026-04-21   7:08:27.902 오후   RX       104 00 00 00 95 00 00 00 4E 01 00 00 00 00 00 00 4E 01 00 00 2B 01 00 00 00 00 00 00 2B 01 00 00 92 00 00 00 00 00 00 00 92 00 00 00 4C 01 00 00 00 00 00 00 4C 01 00 00 00 00 00 00 00 00 00 00 00 00 00 00 00 00 00 00 00 00 00 00 00 00 00 00 00 00 00 00 00 00 00 00 00 00 00 00 C4 00 00 00 00 00 00 00 C4 00 00 00 5E
2026-04-21   7:08:27.962 오후   RX        52 00 00 00 00 00 00 00 5E 00 00 00 DA 00 00 00 00 00 00 00 DA 00 00 00 AE 00 00 00 00 00 00 00 AE 00 00 00 5A 00 00 00 00 00 00 00 5A 00 00 00 C3 00 00 36 A5
2026-04-21   7:08:27.962 오후   TX        13 2F 02 08 00 08 16 33 CE 2D 00 80 52 82
2026-04-21   7:08:28.207 오후   RX       104 2F 02 FF 00 08 16 33 CE 2D 00 53 01 00 00 00 00 00 C3 00 00 00 AC 00 00 00 00 00 00 00 AC 00 00 00 59 00 00 00 00 00 00 00 59 00 00 00 C2 00 00 00 00 00 00 00 C2 00 00 00 C4 00 00 00 00 00 00 00 C4 00 00 00 5E 00 00 00 00 00 00 00 5E 00 00 00 DA 00 00 00 00 00 00 00 DA 00 00 00 00 00 00 00 00 00 00 00 00 00 00
2026-04-21   7:08:28.319 오후   RX       104 00 00 00 00 00 00 00 00 00 00 00 00 00 00 00 00 00 00 00 00 00 00 00 00 00 34 01 00 00 00 00 00 00 34 01 00 00 87 00 00 00 00 00 00 00 87 00 00 00 51 01 00 00 00 00 00 00 51 01 00 00 32 01 00 00 00 00 00 00 32 01 00 00 85 00 00 00 00 00 00 00 85 00 00 00 4D 01 00 00 00 00 00 00 4D 01 00 00 34 01 00 00 00 00 00
2026-04-21   7:08:28.382 오후   RX        52 00 34 01 00 00 87 00 00 00 00 00 00 00 87 00 00 00 51 01 00 00 00 00 00 00 51 01 00 00 32 01 00 00 00 00 00 00 32 01 00 00 81 00 00 00 00 00 00 00 81 0D 7C
2026-04-21   7:08:28.393 오후   TX        13 2F 02 08 00 00 00 00 00 00 00 C0 71 A2
2026-04-21   7:08:28.502 오후   RX        13 2F 02 08 00 08 16 33 CE 2D 00 00 F2 83
2026-04-21   7:08:28.502 오후   TX        29 2F 02 18 00 08 16 33 CE 2D 00 F1 31 32 33 34 35 36 37 38 00 00 00 00 00 00 00 00 DB 67
2026-04-21   7:08:28.643 오후   RX        29 2F 02 18 00 08 16 33 CE 2D 00 00 CE CD CC CB CA C9 C8 C7 EC DC CC BC AC 9C 8C 7C 14 A4
2026-04-21   7:08:28.643 오후   TX        29 2F 02 18 00 08 16 33 CE 2D 00 F1 00 00 00 00 00 00 00 00 CE CD CC CB CA C9 C8 C7 95 8F
2026-04-21   7:08:28.785 오후   RX        29 2F 02 18 00 08 16 33 CE 2D 00 00 FF FF FF FF FF FF FF FF FF FF FF FF FF FF FF FF FE 06
2026-04-21   7:08:28.785 오후   TX        17 2F 02 0C 00 08 16 33 CE 2D 00 C4 C0 01 04 1F 31 A6
2026-04-21   7:08:29.048 오후   RX       104 2F 02 FF 00 08 16 33 CE 2D 00 73 40 81 04 1F 08 03 14 00 0A 00 08 16 33 CE 2D 53 EA 07 04 15 13 09 02 02 E6 07 05 13 0E 29 1E EA 07 04 10 00 00 00 00 00 00 00 00 00 00 00 00 00 00 00 00 00 00 00 00 00 00 00 00 00 00 00 00 00 00 00 00 00 00 00 00 00 00 00 00 00 00 00 00 00 00 00 00 00 00 00 00 00 00 00 00 00 00
2026-04-21   7:08:29.158 오후   RX       104 00 00 00 00 00 00 00 00 00 00 00 00 00 00 00 00 00 00 00 00 00 00 00 00 00 00 00 00 00 00 00 00 00 00 00 00 00 00 00 00 00 00 00 00 00 00 00 00 00 00 00 00 00 00 00 00 00 00 00 00 00 00 00 00 00 00 00 00 00 00 00 00 00 00 00 00 00 00 00 00 00 00 00 00 00 00 00 00 00 00 00 00 00 00 00 00 00 00 00 00 00 00 00 00
2026-04-21   7:08:29.222 오후   RX        52 00 00 00 00 00 00 00 00 00 00 00 00 00 00 00 00 00 00 00 00 00 00 00 00 00 00 00 00 00 00 00 00 00 00 00 00 00 00 00 00 00 00 00 00 00 00 00 00 00 00 0B 22
2026-04-21   7:08:29.222 오후   TX        13 2F 02 08 00 08 16 33 CE 2D 00 80 52 82
2026-04-21   7:08:29.450 오후   RX       104 2F 02 77 00 08 16 33 CE 2D 00 53 81 00 00 00 EA 07 04 10 00 00 00 E8 07 06 01 00 00 00 E7 07 05 18 00 00 00 E7 07 01 01 00 00 00 00 00 00 00 00 00 00 00 00 00 00 00 00 00 00 00 00 00 00 00 00 00 00 00 00 00 00 00 00 00 00 00 00 00 00 00 00 00 00 00 00 00 00 00 00 00 00 00 00 00 00 00 00 00 00 00 00 00 00 00 00
2026-04-21   7:08:29.473 오후   RX        20 00 00 00 00 00 00 00 00 00 00 00 00 00 00 00 00 04 00 E4 BB
2026-04-21   7:08:29.473 오후   TX        13 2F 02 08 00 08 16 33 CE 2D 00 80 52 82
2026-04-21   7:08:29.473 오후   TX        17 2F 02 0C 00 08 16 33 CE 2D 00 C4 C0 01 04 2F 25 A6
2026-04-21   7:08:29.771 오후   RX       104 2F 02 FF 00 08 16 33 CE 2D 00 73 40 81 04 2F 02 01 02 00 00 00 00 00 00 00 00 00 00 00 00 00 00 00 00 00 00 00 00 00 00 00 00 00 00 00 00 00 00 00 00 00 00 00 00 00 00 00 00 00 00 00 00 00 00 00 00 00 00 00 00 00 00 00 00 00 00 00 00 00 00 EA 07 04 10 00 00 00 40 EA 07 04 01 00 00 00 01 EA 07 03 01 00 00 00 03
2026-04-21   7:08:29.872 오후   RX       104 EA 07 02 01 00 00 00 01 EA 07 01 01 00 00 00 01 E9 07 0C 01 00 00 00 01 E9 07 0B 01 00 00 00 03 E9 07 0A 01 00 00 00 01 E9 07 09 01 00 00 00 03 E9 07 08 01 00 00 00 01 E9 07 07 01 00 00 00 01 E9 07 06 01 00 00 00 03 E9 07 05 01 00 00 00 01 E9 07 04 01 00 00 00 01 E9 07 03 01 00 00 00 03 31 00 EA 07 04 10 00 00
2026-04-21   7:08:29.935 오후   RX        52 00 40 EA 07 04 01 00 00 00 01 EA 07 03 01 00 00 00 01 EA 07 02 01 00 00 00 01 EA 07 01 01 00 00 00 01 E9 07 0C 01 00 00 00 01 E9 07 0B 01 00 00 00 01 89 50
2026-04-21   7:08:29.935 오후   TX        13 2F 02 08 00 08 16 33 CE 2D 00 80 52 82
2026-04-21   7:08:30.185 오후   RX       104 2F 02 FF 00 08 16 33 CE 2D 00 53 01 E9 07 0A 01 00 00 00 01 E9 07 09 01 00 00 00 01 E9 07 08 01 00 00 00 01 E9 07 07 01 00 00 00 01 E9 07 06 01 00 00 00 01 E9 07 05 01 00 00 00 01 E9 07 04 01 00 00 00 01 E9 07 03 01 00 00 00 01 31 00 00 00 00 00 00 00 00 00 00 00 00 00 00 00 00 00 00 00 00 00 00 00 00 00 00 00
2026-04-21   7:08:30.295 오후   RX       104 00 00 00 00 00 00 00 00 00 00 00 00 00 00 00 00 00 00 00 00 00 00 00 00 00 00 00 00 00 00 00 00 00 00 00 00 00 00 00 00 00 00 00 00 00 00 00 00 00 00 00 00 00 00 00 00 00 00 00 00 00 00 00 00 00 00 00 00 00 00 00 00 00 00 00 00 00 00 00 00 00 00 00 00 00 00 00 00 00 00 00 00 00 00 00 00 00 00 00 00 00 00 00 00
2026-04-21   7:08:30.353 오후   RX        52 00 00 00 00 00 00 00 00 00 00 00 00 00 00 00 00 00 00 00 00 00 00 00 00 00 00 00 00 00 00 00 00 00 00 00 00 00 00 00 00 00 00 00 00 00 00 00 00 00 00 FC 71
2026-04-21   7:08:30.353 오후   TX        13 2F 02 08 00 08 16 33 CE 2D 00 80 52 82
2026-04-21   7:08:30.477 오후   RX        23 2F 02 12 00 08 16 33 CE 2D 00 73 82 00 00 00 00 00 00 00 00 00 C6 39
2026-04-21   7:08:30.477 오후   TX        13 2F 02 08 00 08 16 33 CE 2D 00 80 52 82
2026-04-21   7:08:30.477 오후   TX        17 2F 02 0C 00 08 16 33 CE 2D 00 C4 C0 01 04 7F 19 A6
2026-04-21   7:08:30.773 오후   RX       104 2F 02 A1 00 08 16 33 CE 2D 00 53 C0 81 04 7F 67 00 00 00 00 00 00 00 B4 00 00 00 1C 01 00 00 00 00 00 00 00 00 00 00 00 00 00 00 00 00 00 00 96 00 00 00 00 00 00 00 00 00 00 00 88 00 00 00 00 00 00 00 00 00 00 00 0E 00 00 00 00 00 00 00 B6 00 00 00 00 00 00 00 B5 00 00 00 3B 01 00 00 50 C0 01 00 00 00 00 00 36
2026-04-21   7:08:30.838 오후   RX        62 C1 01 00 39 06 00 00 00 00 00 00 2A 06 00 00 01 4E EA 00 00 18 16 00 00 00 00 00 00 F1 26 00 00 7D 0D 00 00 37 00 00 00 00 00 00 00 64 01 00 00 A6 01 00 00 00 00 00 00 AE 01 00 00 4F 37
2026-04-21   7:08:30.838 오후   TX        13 2F 02 08 00 08 16 33 CE 2D 00 80 52 82
2026-04-21   7:08:30.838 오후   TX        17 2F 02 0C 00 08 16 33 CE 2D 00 C4 C0 01 05 9F 01 A6
2026-04-21   7:08:31.128 오후   RX       104 2F 02 98 00 08 16 33 CE 2D 00 73 C0 81 05 9F 6D 23 00 00 71 23 00 00 62 23 00 00 6E 23 00 00 00 00 00 00 9B 22 00 00 88 22 00 00 AE 22 00 00 9F 22 00 00 00 00 00 00 D2 23 00 00 BD 23 00 00 A9 23 00 00 EB 23 00 00 00 00 00 00 4F 24 00 00 38 24 00 00 4C 24 00 00 5C 24 00 00 00 00 00 00 FB 23 00 00 E7 23 00 00 EB
2026-04-21   7:08:31.187 오후   RX        53 23 00 00 0D 24 00 00 00 00 00 00 0F 24 00 00 FC 23 00 00 F4 23 00 00 24 24 00 00 00 00 00 00 90 23 00 00 7D 23 00 00 6D 23 00 00 A8 23 00 00 00 00 00 00 E9 D8
2026-04-21   7:08:31.187 오후   TX        13 2F 02 08 00 08 16 33 CE 2D 00 80 52 82
2026-04-21   7:08:31.187 오후   TX        17 2F 02 0C 00 08 16 33 CE 2D 00 C4 C0 01 05 7F 89 A7
2026-04-21   7:08:31.456 오후   RX       104 2F 02 98 00 08 16 33 CE 2D 00 53 C0 81 05 7F 3B 23 00 00 3B 23 00 00 F7 22 00 00 2F 23 00 00 00 00 00 00 34 23 00 00 AE 22 00 00 BA 22 00 00 34 23 00 00 00 00 00 00 C3 23 00 00 02 24 00 00 C3 23 00 00 20 24 00 00 00 00 00 00 C9 23 00 00 C9 23 00 00 D1 23 00 00 03 24 00 00 00 00 00 00 D6 23 00 00 D6 23 00 00 AC
2026-04-21   7:08:31.513 오후   RX        53 23 00 00 AE 23 00 00 00 00 00 00 78 23 00 00 78 23 00 00 84 23 00 00 E4 23 00 00 00 00 00 00 F4 23 00 00 F4 23 00 00 B0 23 00 00 13 24 00 00 00 00 00 00 86 4B
2026-04-21   7:08:31.513 오후   TX        13 2F 02 08 00 08 16 33 CE 2D 00 80 52 82
2026-04-21   7:08:31.513 오후   TX        17 2F 02 0C 00 08 16 33 CE 2D 00 C4 C0 01 05 1F A1 A7
2026-04-21   7:08:31.840 오후   RX       104 2F 02 FF 00 08 16 33 CE 2D 00 73 40 81 05 1F 5B B6 95 00 00 00 00 00 5B B6 95 00 D7 EF 46 00 00 00 00 00 D7 EF 46 00 A1 C8 A5 00 00 00 00 00 A1 C8 A5 00 26 C4 2D 00 00 00 00 00 26 C4 2D 00 9B E4 15 00 00 00 00 00 9B E4 15 00 3A C4 32 00 00 00 00 00 3A C4 32 00 05 41 19 00 00 00 00 00 05 41 19 00 A5 2D 0C 00 00
2026-04-21   7:08:31.949 오후   RX       104 00 00 00 A5 2D 0C 00 66 0E 1C 00 00 00 00 00 66 0E 1C 00 2E B1 4E 00 00 00 00 00 2E B1 4E 00 96 DD 24 00 00 00 00 00 96 DD 24 00 00 F6 56 00 00 00 00 00 00 F6 56 00 00 00 00 00 00 00 00 00 00 00 00 00 00 00 00 00 00 00 00 00 00 00 00 00 00 00 00 00 00 00 00 00 00 00 00 00 E7 21 95 00 00 00 00 00 E7 21 95 00 E4
2026-04-21   7:08:32.007 오후   RX        52 AA 46 00 00 00 00 00 E4 AA 46 00 EB 24 A5 00 00 00 00 00 EB 24 A5 00 53 94 2D 00 00 00 00 00 53 94 2D 00 72 CE 15 00 00 00 00 00 72 CE 15 00 81 8F 32 1A 2F
2026-04-21   7:08:32.007 오후   TX        13 2F 02 08 00 08 16 33 CE 2D 00 80 52 82
2026-04-21   7:08:32.256 오후   RX       104 2F 02 FF 00 08 16 33 CE 2D 00 53 01 00 00 00 00 00 81 8F 32 00 E1 28 19 00 00 00 00 00 E1 28 19 00 5C 22 0C 00 00 00 00 00 5C 22 0C 00 BE F3 1B 00 00 00 00 00 BE F3 1B 00 B2 64 4E 00 00 00 00 00 B2 64 4E 00 15 BA 24 00 00 00 00 00 15 BA 24 00 AB A1 56 00 00 00 00 00 AB A1 56 00 00 00 00 00 00 00 00 00 00 00 00
2026-04-21   7:08:32.366 오후   RX       104 00 00 00 00 00 00 00 00 00 00 00 00 00 00 00 00 00 00 00 00 00 00 00 00 00 7F A0 94 00 00 00 00 00 7F A0 94 00 22 67 46 00 00 00 00 00 22 67 46 00 95 92 A4 00 00 00 00 00 95 92 A4 00 F9 6A 2D 00 00 00 00 00 F9 6A 2D 00 95 B8 15 00 00 00 00 00 95 B8 15 00 A2 60 32 00 00 00 00 00 A2 60 32 00 44 0E 19 00 00 00 00
2026-04-21   7:08:32.423 오후   RX        52 00 44 0E 19 00 91 14 0C 00 00 00 00 00 91 14 0C 00 B8 D5 1B 00 00 00 00 00 B8 D5 1B 00 41 27 4E 00 00 00 00 00 41 27 4E 00 FB 99 24 00 00 00 00 00 FB B0 7A
2026-04-21   7:08:32.423 오후   TX        13 2F 02 08 00 08 16 33 CE 2D 00 80 52 82
2026-04-21   7:08:32.710 오후   RX       104 2F 02 FF 00 08 16 33 CE 2D 00 73 02 99 24 00 39 5C 56 00 00 00 00 00 39 5C 56 00 00 00 00 00 00 00 00 00 00 00 00 00 00 00 00 00 00 00 00 00 00 00 00 00 00 00 00 00 00 00 00 00 00 00 00 00 0F 03 92 00 00 00 00 00 0F 03 92 00 1F 44 45 00 00 00 00 00 1F 44 45 00 5D B8 A1 00 00 00 00 00 5D B8 A1 00 E1 A5 2C 00 00
2026-04-21   7:08:32.822 오후   RX       104 00 00 00 E1 A5 2C 00 A3 61 15 00 00 00 00 00 A3 61 15 00 24 89 31 00 00 00 00 00 24 89 31 00 FD 9D 18 00 00 00 00 00 FD 9D 18 00 60 E2 0B 00 00 00 00 00 60 E2 0B 00 B1 5A 1B 00 00 00 00 00 B1 5A 1B 00 30 BF 4C 00 00 00 00 00 30 BF 4C 00 1A 00 24 00 00 00 00 00 1A 00 24 00 87 D4 54 00 00 00 00 00 87 D4 54 00 00
2026-04-21   7:08:32.881 오후   RX        52 00 00 00 00 00 00 00 00 00 00 00 00 00 00 00 00 00 00 00 00 00 00 00 00 00 00 00 00 00 00 00 00 00 00 00 D3 07 8F 00 00 00 00 00 D3 07 8F 00 70 15 44 C4 66
2026-04-21   7:08:32.881 오후   TX        13 2F 02 08 00 08 16 33 CE 2D 00 80 52 82
2026-04-21   7:08:33.135 오후   RX       104 2F 02 FF 00 08 16 33 CE 2D 00 53 03 00 00 00 00 00 70 15 44 00 17 83 9E 00 00 00 00 00 17 83 9E 00 9A CA 2B 00 00 00 00 00 9A CA 2B 00 1C 09 15 00 00 00 00 00 1C 09 15 00 9D 9C 30 00 00 00 00 00 9D 9C 30 00 E9 2A 18 00 00 00 00 00 E9 2A 18 00 9F B4 0B 00 00 00 00 00 9F B4 0B 00 D2 DE 1A 00 00 00 00 00 D2 DE 1A
2026-04-21   7:08:33.237 오후   RX       104 00 4F 12 4B 00 00 00 00 00 4F 12 4B 00 B4 57 23 00 00 00 00 00 B4 57 23 00 A7 07 53 00 00 00 00 00 A7 07 53 00 00 00 00 00 00 00 00 00 00 00 00 00 00 00 00 00 00 00 00 00 00 00 00 00 00 00 00 00 00 00 00 00 00 00 00 00 0E 7B 8B 00 00 00 00 00 0E 7B 8B 00 74 95 42 00 00 00 00 00 74 95 42 00 5B A8 9A 00 00 00 00
2026-04-21   7:08:33.297 오후   RX        52 00 5B A8 9A 00 26 A9 2A 00 00 00 00 00 26 A9 2A 00 05 8D 14 00 00 00 00 00 05 8D 14 00 9F 61 2F 00 00 00 00 00 9F 61 2F 00 00 93 17 00 00 00 00 00 00 7B B0
2026-04-21   7:08:33.297 오후   TX        13 2F 02 08 00 08 16 33 CE 2D 00 80 52 82
2026-04-21   7:08:33.542 오후   RX       104 2F 02 FF 00 08 16 33 CE 2D 00 73 04 93 17 00 B9 73 0B 00 00 00 00 00 B9 73 0B 00 9A 39 1A 00 00 00 00 00 9A 39 1A 00 E7 3E 49 00 00 00 00 00 E7 3E 49 00 B5 94 22 00 00 00 00 00 B5 94 22 00 21 0D 51 00 00 00 00 00 21 0D 51 00 00 00 00 00 00 00 00 00 00 00 00 00 00 00 00 00 00 00 00 00 00 00 00 00 00 00 00 00 00
2026-04-21   7:08:33.653 오후   RX       104 00 00 00 00 00 00 00 28 0B 88 00 00 00 00 00 28 0B 88 00 02 27 41 00 00 00 00 00 02 27 41 00 13 EF 96 00 00 00 00 00 13 EF 96 00 06 96 29 00 00 00 00 00 06 96 29 00 E5 18 14 00 00 00 00 00 E5 18 14 00 F5 36 2E 00 00 00 00 00 F5 36 2E 00 8D F5 16 00 00 00 00 00 8D F5 16 00 DA 30 0B 00 00 00 00 00 DA 30 0B 00 85
2026-04-21   7:08:33.711 오후   RX        52 8E 19 00 00 00 00 00 85 8E 19 00 93 7F 47 00 00 00 00 00 93 7F 47 00 42 DD 21 00 00 00 00 00 42 DD 21 00 98 29 4F 00 00 00 00 00 98 29 4F 00 00 00 00 FC 37
2026-04-21   7:08:33.711 오후   TX        13 2F 02 08 00 08 16 33 CE 2D 00 80 52 82
2026-04-21   7:08:33.852 오후   RX        47 2F 02 2A 00 08 16 33 CE 2D 00 53 85 00 00 00 00 00 00 00 00 00 00 00 00 00 00 00 00 00 00 00 00 00 00 00 00 00 00 00 00 00 00 00 00 00 FA 5B
2026-04-21   7:08:33.852 오후   TX        13 2F 02 08 00 08 16 33 CE 2D 00 80 52 82
2026-04-21   7:08:33.852 오후   TX        17 2F 02 0C 00 08 16 33 CE 2D 00 C4 C0 01 05 2F B5 A7
2026-04-21   7:08:34.177 오후   RX       104 2F 02 FF 00 08 16 33 CE 2D 00 73 40 81 05 2F 2C 01 00 00 00 00 00 00 2C 01 00 00 95 00 00 00 00 00 00 00 95 00 00 00 4E 01 00 00 00 00 00 00 4E 01 00 00 2C 01 00 00 00 00 00 00 2C 01 00 00 95 00 00 00 00 00 00 00 95 00 00 00 4E 01 00 00 00 00 00 00 4E 01 00 00 2B 01 00 00 00 00 00 00 2B 01 00 00 95 00 00 00 00
2026-04-21   7:08:34.282 오후   RX       104 00 00 00 95 00 00 00 4E 01 00 00 00 00 00 00 4E 01 00 00 2B 01 00 00 00 00 00 00 2B 01 00 00 92 00 00 00 00 00 00 00 92 00 00 00 4C 01 00 00 00 00 00 00 4C 01 00 00 00 00 00 00 00 00 00 00 00 00 00 00 00 00 00 00 00 00 00 00 00 00 00 00 00 00 00 00 00 00 00 00 00 00 00 00 C4 00 00 00 00 00 00 00 C4 00 00 00 5E
2026-04-21   7:08:34.341 오후   RX        52 00 00 00 00 00 00 00 5E 00 00 00 DA 00 00 00 00 00 00 00 DA 00 00 00 AE 00 00 00 00 00 00 00 AE 00 00 00 5A 00 00 00 00 00 00 00 5A 00 00 00 C3 00 00 36 A5
2026-04-21   7:08:34.341 오후   TX        13 2F 02 08 00 08 16 33 CE 2D 00 80 52 82
2026-04-21   7:08:34.590 오후   RX       104 2F 02 FF 00 08 16 33 CE 2D 00 53 01 00 00 00 00 00 C3 00 00 00 AC 00 00 00 00 00 00 00 AC 00 00 00 59 00 00 00 00 00 00 00 59 00 00 00 C2 00 00 00 00 00 00 00 C2 00 00 00 C4 00 00 00 00 00 00 00 C4 00 00 00 5E 00 00 00 00 00 00 00 5E 00 00 00 DA 00 00 00 00 00 00 00 DA 00 00 00 00 00 00 00 00 00 00 00 00 00 00
2026-04-21   7:08:34.701 오후   RX       104 00 00 00 00 00 00 00 00 00 00 00 00 00 00 00 00 00 00 00 00 00 00 00 00 00 34 01 00 00 00 00 00 00 34 01 00 00 87 00 00 00 00 00 00 00 87 00 00 00 51 01 00 00 00 00 00 00 51 01 00 00 32 01 00 00 00 00 00 00 32 01 00 00 85 00 00 00 00 00 00 00 85 00 00 00 4D 01 00 00 00 00 00 00 4D 01 00 00 34 01 00 00 00 00 00
2026-04-21   7:08:34.760 오후   RX        52 00 34 01 00 00 87 00 00 00 00 00 00 00 87 00 00 00 51 01 00 00 00 00 00 00 51 01 00 00 32 01 00 00 00 00 00 00 32 01 00 00 81 00 00 00 00 00 00 00 81 0D 7C
2026-04-21   7:08:34.767 오후   TX        13 2F 02 08 00 00 00 00 00 00 00 C0 71 A2
2026-04-21   7:08:34.877 오후   RX        13 2F 02 08 00 08 16 33 CE 2D 00 00 F2 83
2026-04-21   7:08:34.877 오후   TX        29 2F 02 18 00 08 16 33 CE 2D 00 F1 31 32 33 34 35 36 37 38 00 00 00 00 00 00 00 00 DB 67
2026-04-21   7:08:35.022 오후   RX        29 2F 02 18 00 08 16 33 CE 2D 00 00 CE CD CC CB CA C9 C8 C7 EC DC CC BC AC 9C 8C 7C 14 A4
2026-04-21   7:08:35.022 오후   TX        29 2F 02 18 00 08 16 33 CE 2D 00 F1 00 00 00 00 00 00 00 00 CE CD CC CB CA C9 C8 C7 95 8F
2026-04-21   7:08:35.162 오후   RX        29 2F 02 18 00 08 16 33 CE 2D 00 00 FF FF FF FF FF FF FF FF FF FF FF FF FF FF FF FF FE 06
2026-04-21   7:08:35.162 오후   TX        17 2F 02 0C 00 08 16 33 CE 2D 00 C4 C0 01 04 1F 31 A6
2026-04-21   7:08:35.431 오후   RX       104 2F 02 FF 00 08 16 33 CE 2D 00 73 40 81 04 1F 08 03 14 00 0A 00 08 16 33 CE 2D 53 EA 07 04 15 13 09 09 02 E6 07 05 13 0E 29 1E EA 07 04 10 00 00 00 00 00 00 00 00 00 00 00 00 00 00 00 00 00 00 00 00 00 00 00 00 00 00 00 00 00 00 00 00 00 00 00 00 00 00 00 00 00 00 00 00 00 00 00 00 00 00 00 00 00 00 00 00 00 00
2026-04-21   7:08:35.537 오후   RX       104 00 00 00 00 00 00 00 00 00 00 00 00 00 00 00 00 00 00 00 00 00 00 00 00 00 00 00 00 00 00 00 00 00 00 00 00 00 00 00 00 00 00 00 00 00 00 00 00 00 00 00 00 00 00 00 00 00 00 00 00 00 00 00 00 00 00 00 00 00 00 00 00 00 00 00 00 00 00 00 00 00 00 00 00 00 00 00 00 00 00 00 00 00 00 00 00 00 00 00 00 00 00 00 00
2026-04-21   7:08:35.596 오후   RX        52 00 00 00 00 00 00 00 00 00 00 00 00 00 00 00 00 00 00 00 00 00 00 00 00 00 00 00 00 00 00 00 00 00 00 00 00 00 00 00 00 00 00 00 00 00 00 00 00 00 00 7E DB
2026-04-21   7:08:35.596 오후   TX        13 2F 02 08 00 08 16 33 CE 2D 00 80 52 82
2026-04-21   7:08:35.824 오후   RX       104 2F 02 77 00 08 16 33 CE 2D 00 53 81 00 00 00 EA 07 04 10 00 00 00 E8 07 06 01 00 00 00 E7 07 05 18 00 00 00 E7 07 01 01 00 00 00 00 00 00 00 00 00 00 00 00 00 00 00 00 00 00 00 00 00 00 00 00 00 00 00 00 00 00 00 00 00 00 00 00 00 00 00 00 00 00 00 00 00 00 00 00 00 00 00 00 00 00 00 00 00 00 00 00 00 00 00 00
2026-04-21   7:08:35.848 오후   RX        20 00 00 00 00 00 00 00 00 00 00 00 00 00 00 00 00 04 00 E4 BB
2026-04-21   7:08:35.848 오후   TX        13 2F 02 08 00 08 16 33 CE 2D 00 80 52 82
2026-04-21   7:08:35.848 오후   TX        17 2F 02 0C 00 08 16 33 CE 2D 00 C4 C0 01 04 2F 25 A6
2026-04-21   7:08:36.144 오후   RX       104 2F 02 FF 00 08 16 33 CE 2D 00 73 40 81 04 2F 02 01 02 00 00 00 00 00 00 00 00 00 00 00 00 00 00 00 00 00 00 00 00 00 00 00 00 00 00 00 00 00 00 00 00 00 00 00 00 00 00 00 00 00 00 00 00 00 00 00 00 00 00 00 00 00 00 00 00 00 00 00 00 00 00 EA 07 04 10 00 00 00 40 EA 07 04 01 00 00 00 01 EA 07 03 01 00 00 00 03
2026-04-21   7:08:36.256 오후   RX       104 EA 07 02 01 00 00 00 01 EA 07 01 01 00 00 00 01 E9 07 0C 01 00 00 00 01 E9 07 0B 01 00 00 00 03 E9 07 0A 01 00 00 00 01 E9 07 09 01 00 00 00 03 E9 07 08 01 00 00 00 01 E9 07 07 01 00 00 00 01 E9 07 06 01 00 00 00 03 E9 07 05 01 00 00 00 01 E9 07 04 01 00 00 00 01 E9 07 03 01 00 00 00 03 31 00 EA 07 04 10 00 00
2026-04-21   7:08:36.313 오후   RX        52 00 40 EA 07 04 01 00 00 00 01 EA 07 03 01 00 00 00 01 EA 07 02 01 00 00 00 01 EA 07 01 01 00 00 00 01 E9 07 0C 01 00 00 00 01 E9 07 0B 01 00 00 00 01 89 50
2026-04-21   7:08:36.313 오후   TX        13 2F 02 08 00 08 16 33 CE 2D 00 80 52 82
2026-04-21   7:08:36.565 오후   RX       104 2F 02 FF 00 08 16 33 CE 2D 00 53 01 E9 07 0A 01 00 00 00 01 E9 07 09 01 00 00 00 01 E9 07 08 01 00 00 00 01 E9 07 07 01 00 00 00 01 E9 07 06 01 00 00 00 01 E9 07 05 01 00 00 00 01 E9 07 04 01 00 00 00 01 E9 07 03 01 00 00 00 01 31 00 00 00 00 00 00 00 00 00 00 00 00 00 00 00 00 00 00 00 00 00 00 00 00 00 00 00
2026-04-21   7:08:36.669 오후   RX       104 00 00 00 00 00 00 00 00 00 00 00 00 00 00 00 00 00 00 00 00 00 00 00 00 00 00 00 00 00 00 00 00 00 00 00 00 00 00 00 00 00 00 00 00 00 00 00 00 00 00 00 00 00 00 00 00 00 00 00 00 00 00 00 00 00 00 00 00 00 00 00 00 00 00 00 00 00 00 00 00 00 00 00 00 00 00 00 00 00 00 00 00 00 00 00 00 00 00 00 00 00 00 00 00
2026-04-21   7:08:36.727 오후   RX        52 00 00 00 00 00 00 00 00 00 00 00 00 00 00 00 00 00 00 00 00 00 00 00 00 00 00 00 00 00 00 00 00 00 00 00 00 00 00 00 00 00 00 00 00 00 00 00 00 00 00 FC 71
2026-04-21   7:08:36.727 오후   TX        13 2F 02 08 00 08 16 33 CE 2D 00 80 52 82
2026-04-21   7:08:36.850 오후   RX        23 2F 02 12 00 08 16 33 CE 2D 00 73 82 00 00 00 00 00 00 00 00 00 C6 39
2026-04-21   7:08:36.850 오후   TX        13 2F 02 08 00 08 16 33 CE 2D 00 80 52 82
2026-04-21   7:08:36.850 오후   TX        17 2F 02 0C 00 08 16 33 CE 2D 00 C4 C0 01 04 7F 19 A6
2026-04-21   7:08:37.142 오후   RX       104 2F 02 A1 00 08 16 33 CE 2D 00 53 C0 81 04 7F 67 00 00 00 00 00 00 00 B4 00 00 00 1C 01 00 00 00 00 00 00 00 00 00 00 00 00 00 00 00 00 00 00 96 00 00 00 00 00 00 00 00 00 00 00 88 00 00 00 00 00 00 00 00 00 00 00 0E 00 00 00 00 00 00 00 B6 00 00 00 00 00 00 00 B5 00 00 00 3B 01 00 00 7C C0 01 00 00 00 00 00 5E
2026-04-21   7:08:37.213 오후   RX        62 C1 01 00 39 06 00 00 00 00 00 00 2A 06 00 00 01 54 EA 00 00 15 16 00 00 00 00 00 00 F1 26 00 00 66 0D 00 00 37 00 00 00 00 00 00 00 64 01 00 00 9C 01 00 00 00 00 00 00 9B 01 00 00 09 71
2026-04-21   7:08:37.213 오후   TX        13 2F 02 08 00 08 16 33 CE 2D 00 80 52 82
2026-04-21   7:08:37.213 오후   TX        17 2F 02 0C 00 08 16 33 CE 2D 00 C4 C0 01 05 9F 01 A6
2026-04-21   7:08:37.507 오후   RX       104 2F 02 98 00 08 16 33 CE 2D 00 73 C0 81 05 9F 6D 23 00 00 71 23 00 00 62 23 00 00 6E 23 00 00 00 00 00 00 9B 22 00 00 88 22 00 00 AE 22 00 00 9F 22 00 00 00 00 00 00 D2 23 00 00 BD 23 00 00 A9 23 00 00 EB 23 00 00 00 00 00 00 4F 24 00 00 38 24 00 00 4C 24 00 00 5C 24 00 00 00 00 00 00 FB 23 00 00 E7 23 00 00 EB
2026-04-21   7:08:37.571 오후   RX        53 23 00 00 0D 24 00 00 00 00 00 00 0F 24 00 00 FC 23 00 00 F4 23 00 00 24 24 00 00 00 00 00 00 90 23 00 00 7D 23 00 00 6D 23 00 00 A8 23 00 00 00 00 00 00 E9 D8
2026-04-21   7:08:37.571 오후   TX        13 2F 02 08 00 08 16 33 CE 2D 00 80 52 82
2026-04-21   7:08:37.571 오후   TX        17 2F 02 0C 00 08 16 33 CE 2D 00 C4 C0 01 05 7F 89 A7
2026-04-21   7:08:37.837 오후   RX       104 2F 02 98 00 08 16 33 CE 2D 00 53 C0 81 05 7F 3B 23 00 00 3B 23 00 00 F7 22 00 00 2F 23 00 00 00 00 00 00 34 23 00 00 AE 22 00 00 BA 22 00 00 34 23 00 00 00 00 00 00 C3 23 00 00 02 24 00 00 C3 23 00 00 20 24 00 00 00 00 00 00 C9 23 00 00 C9 23 00 00 D1 23 00 00 03 24 00 00 00 00 00 00 D6 23 00 00 D6 23 00 00 AC
2026-04-21   7:08:37.901 오후   RX        53 23 00 00 AE 23 00 00 00 00 00 00 78 23 00 00 78 23 00 00 84 23 00 00 E4 23 00 00 00 00 00 00 F4 23 00 00 F4 23 00 00 B0 23 00 00 13 24 00 00 00 00 00 00 86 4B
2026-04-21   7:08:37.901 오후   TX        13 2F 02 08 00 08 16 33 CE 2D 00 80 52 82
2026-04-21   7:08:37.901 오후   TX        17 2F 02 0C 00 08 16 33 CE 2D 00 C4 C0 01 05 1F A1 A7
2026-04-21   7:08:38.224 오후   RX       104 2F 02 FF 00 08 16 33 CE 2D 00 73 40 81 05 1F 5B B6 95 00 00 00 00 00 5B B6 95 00 D8 EF 46 00 00 00 00 00 D8 EF 46 00 A2 C8 A5 00 00 00 00 00 A2 C8 A5 00 26 C4 2D 00 00 00 00 00 26 C4 2D 00 9B E4 15 00 00 00 00 00 9B E4 15 00 3A C4 32 00 00 00 00 00 3A C4 32 00 05 41 19 00 00 00 00 00 05 41 19 00 A6 2D 0C 00 00
2026-04-21   7:08:38.335 오후   RX       104 00 00 00 A6 2D 0C 00 66 0E 1C 00 00 00 00 00 66 0E 1C 00 2E B1 4E 00 00 00 00 00 2E B1 4E 00 96 DD 24 00 00 00 00 00 96 DD 24 00 00 F6 56 00 00 00 00 00 00 F6 56 00 00 00 00 00 00 00 00 00 00 00 00 00 00 00 00 00 00 00 00 00 00 00 00 00 00 00 00 00 00 00 00 00 00 00 00 00 E7 21 95 00 00 00 00 00 E7 21 95 00 E4
2026-04-21   7:08:38.394 오후   RX        52 AA 46 00 00 00 00 00 E4 AA 46 00 EB 24 A5 00 00 00 00 00 EB 24 A5 00 53 94 2D 00 00 00 00 00 53 94 2D 00 72 CE 15 00 00 00 00 00 72 CE 15 00 81 8F 32 2E F9
2026-04-21   7:08:38.394 오후   TX        13 2F 02 08 00 08 16 33 CE 2D 00 80 52 82
2026-04-21   7:08:38.644 오후   RX       104 2F 02 FF 00 08 16 33 CE 2D 00 53 01 00 00 00 00 00 81 8F 32 00 E1 28 19 00 00 00 00 00 E1 28 19 00 5C 22 0C 00 00 00 00 00 5C 22 0C 00 BE F3 1B 00 00 00 00 00 BE F3 1B 00 B2 64 4E 00 00 00 00 00 B2 64 4E 00 15 BA 24 00 00 00 00 00 15 BA 24 00 AB A1 56 00 00 00 00 00 AB A1 56 00 00 00 00 00 00 00 00 00 00 00 00
2026-04-21   7:08:38.750 오후   RX       104 00 00 00 00 00 00 00 00 00 00 00 00 00 00 00 00 00 00 00 00 00 00 00 00 00 7F A0 94 00 00 00 00 00 7F A0 94 00 22 67 46 00 00 00 00 00 22 67 46 00 95 92 A4 00 00 00 00 00 95 92 A4 00 F9 6A 2D 00 00 00 00 00 F9 6A 2D 00 95 B8 15 00 00 00 00 00 95 B8 15 00 A2 60 32 00 00 00 00 00 A2 60 32 00 44 0E 19 00 00 00 00
2026-04-21   7:08:38.809 오후   RX        52 00 44 0E 19 00 91 14 0C 00 00 00 00 00 91 14 0C 00 B8 D5 1B 00 00 00 00 00 B8 D5 1B 00 41 27 4E 00 00 00 00 00 41 27 4E 00 FB 99 24 00 00 00 00 00 FB B0 7A
2026-04-21   7:08:38.809 오후   TX        13 2F 02 08 00 08 16 33 CE 2D 00 80 52 82
2026-04-21   7:08:39.094 오후   RX       104 2F 02 FF 00 08 16 33 CE 2D 00 73 02 99 24 00 39 5C 56 00 00 00 00 00 39 5C 56 00 00 00 00 00 00 00 00 00 00 00 00 00 00 00 00 00 00 00 00 00 00 00 00 00 00 00 00 00 00 00 00 00 00 00 00 00 0F 03 92 00 00 00 00 00 0F 03 92 00 1F 44 45 00 00 00 00 00 1F 44 45 00 5D B8 A1 00 00 00 00 00 5D B8 A1 00 E1 A5 2C 00 00
2026-04-21   7:08:39.199 오후   RX       104 00 00 00 E1 A5 2C 00 A3 61 15 00 00 00 00 00 A3 61 15 00 24 89 31 00 00 00 00 00 24 89 31 00 FD 9D 18 00 00 00 00 00 FD 9D 18 00 60 E2 0B 00 00 00 00 00 60 E2 0B 00 B1 5A 1B 00 00 00 00 00 B1 5A 1B 00 30 BF 4C 00 00 00 00 00 30 BF 4C 00 1A 00 24 00 00 00 00 00 1A 00 24 00 87 D4 54 00 00 00 00 00 87 D4 54 00 00
2026-04-21   7:08:39.258 오후   RX        52 00 00 00 00 00 00 00 00 00 00 00 00 00 00 00 00 00 00 00 00 00 00 00 00 00 00 00 00 00 00 00 00 00 00 00 D3 07 8F 00 00 00 00 00 D3 07 8F 00 70 15 44 C4 66
2026-04-21   7:08:39.258 오후   TX        13 2F 02 08 00 08 16 33 CE 2D 00 80 52 82
2026-04-21   7:08:39.504 오후   RX       104 2F 02 FF 00 08 16 33 CE 2D 00 53 03 00 00 00 00 00 70 15 44 00 17 83 9E 00 00 00 00 00 17 83 9E 00 9A CA 2B 00 00 00 00 00 9A CA 2B 00 1C 09 15 00 00 00 00 00 1C 09 15 00 9D 9C 30 00 00 00 00 00 9D 9C 30 00 E9 2A 18 00 00 00 00 00 E9 2A 18 00 9F B4 0B 00 00 00 00 00 9F B4 0B 00 D2 DE 1A 00 00 00 00 00 D2 DE 1A
2026-04-21   7:08:39.614 오후   RX       104 00 4F 12 4B 00 00 00 00 00 4F 12 4B 00 B4 57 23 00 00 00 00 00 B4 57 23 00 A7 07 53 00 00 00 00 00 A7 07 53 00 00 00 00 00 00 00 00 00 00 00 00 00 00 00 00 00 00 00 00 00 00 00 00 00 00 00 00 00 00 00 00 00 00 00 00 00 0E 7B 8B 00 00 00 00 00 0E 7B 8B 00 74 95 42 00 00 00 00 00 74 95 42 00 5B A8 9A 00 00 00 00
2026-04-21   7:08:39.674 오후   RX        52 00 5B A8 9A 00 26 A9 2A 00 00 00 00 00 26 A9 2A 00 05 8D 14 00 00 00 00 00 05 8D 14 00 9F 61 2F 00 00 00 00 00 9F 61 2F 00 00 93 17 00 00 00 00 00 00 7B B0
2026-04-21   7:08:39.674 오후   TX        13 2F 02 08 00 08 16 33 CE 2D 00 80 52 82
2026-04-21   7:08:39.927 오후   RX       104 2F 02 FF 00 08 16 33 CE 2D 00 73 04 93 17 00 B9 73 0B 00 00 00 00 00 B9 73 0B 00 9A 39 1A 00 00 00 00 00 9A 39 1A 00 E7 3E 49 00 00 00 00 00 E7 3E 49 00 B5 94 22 00 00 00 00 00 B5 94 22 00 21 0D 51 00 00 00 00 00 21 0D 51 00 00 00 00 00 00 00 00 00 00 00 00 00 00 00 00 00 00 00 00 00 00 00 00 00 00 00 00 00 00
2026-04-21   7:08:40.027 오후   RX       104 00 00 00 00 00 00 00 28 0B 88 00 00 00 00 00 28 0B 88 00 02 27 41 00 00 00 00 00 02 27 41 00 13 EF 96 00 00 00 00 00 13 EF 96 00 06 96 29 00 00 00 00 00 06 96 29 00 E5 18 14 00 00 00 00 00 E5 18 14 00 F5 36 2E 00 00 00 00 00 F5 36 2E 00 8D F5 16 00 00 00 00 00 8D F5 16 00 DA 30 0B 00 00 00 00 00 DA 30 0B 00 85
2026-04-21   7:08:40.091 오후   RX        52 8E 19 00 00 00 00 00 85 8E 19 00 93 7F 47 00 00 00 00 00 93 7F 47 00 42 DD 21 00 00 00 00 00 42 DD 21 00 98 29 4F 00 00 00 00 00 98 29 4F 00 00 00 00 FC 37
2026-04-21   7:08:40.091 오후   TX        13 2F 02 08 00 08 16 33 CE 2D 00 80 52 82
2026-04-21   7:08:40.242 오후   RX        47 2F 02 2A 00 08 16 33 CE 2D 00 53 85 00 00 00 00 00 00 00 00 00 00 00 00 00 00 00 00 00 00 00 00 00 00 00 00 00 00 00 00 00 00 00 00 00 FA 5B
2026-04-21   7:08:40.242 오후   TX        13 2F 02 08 00 08 16 33 CE 2D 00 80 52 82
2026-04-21   7:08:40.242 오후   TX        17 2F 02 0C 00 08 16 33 CE 2D 00 C4 C0 01 05 2F B5 A7
2026-04-21   7:08:40.565 오후   RX       104 2F 02 FF 00 08 16 33 CE 2D 00 73 40 81 05 2F 2C 01 00 00 00 00 00 00 2C 01 00 00 95 00 00 00 00 00 00 00 95 00 00 00 4E 01 00 00 00 00 00 00 4E 01 00 00 2C 01 00 00 00 00 00 00 2C 01 00 00 95 00 00 00 00 00 00 00 95 00 00 00 4E 01 00 00 00 00 00 00 4E 01 00 00 2B 01 00 00 00 00 00 00 2B 01 00 00 95 00 00 00 00
2026-04-21   7:08:40.668 오후   RX       104 00 00 00 95 00 00 00 4E 01 00 00 00 00 00 00 4E 01 00 00 2B 01 00 00 00 00 00 00 2B 01 00 00 92 00 00 00 00 00 00 00 92 00 00 00 4C 01 00 00 00 00 00 00 4C 01 00 00 00 00 00 00 00 00 00 00 00 00 00 00 00 00 00 00 00 00 00 00 00 00 00 00 00 00 00 00 00 00 00 00 00 00 00 00 C4 00 00 00 00 00 00 00 C4 00 00 00 5E
2026-04-21   7:08:40.727 오후   RX        52 00 00 00 00 00 00 00 5E 00 00 00 DA 00 00 00 00 00 00 00 DA 00 00 00 AE 00 00 00 00 00 00 00 AE 00 00 00 5A 00 00 00 00 00 00 00 5A 00 00 00 C3 00 00 36 A5
2026-04-21   7:08:40.727 오후   TX        13 2F 02 08 00 08 16 33 CE 2D 00 80 52 82
2026-04-21   7:08:40.972 오후   RX       104 2F 02 FF 00 08 16 33 CE 2D 00 53 01 00 00 00 00 00 C3 00 00 00 AC 00 00 00 00 00 00 00 AC 00 00 00 59 00 00 00 00 00 00 00 59 00 00 00 C2 00 00 00 00 00 00 00 C2 00 00 00 C4 00 00 00 00 00 00 00 C4 00 00 00 5E 00 00 00 00 00 00 00 5E 00 00 00 DA 00 00 00 00 00 00 00 DA 00 00 00 00 00 00 00 00 00 00 00 00 00 00
2026-04-21   7:08:41.086 오후   RX       104 00 00 00 00 00 00 00 00 00 00 00 00 00 00 00 00 00 00 00 00 00 00 00 00 00 34 01 00 00 00 00 00 00 34 01 00 00 87 00 00 00 00 00 00 00 87 00 00 00 51 01 00 00 00 00 00 00 51 01 00 00 32 01 00 00 00 00 00 00 32 01 00 00 85 00 00 00 00 00 00 00 85 00 00 00 4D 01 00 00 00 00 00 00 4D 01 00 00 34 01 00 00 00 00 00
2026-04-21   7:08:41.144 오후   RX        52 00 34 01 00 00 87 00 00 00 00 00 00 00 87 00 00 00 51 01 00 00 00 00 00 00 51 01 00 00 32 01 00 00 00 00 00 00 32 01 00 00 81 00 00 00 00 00 00 00 81 0D 7C
2026-04-21   7:08:41.154 오후   TX        13 2F 02 08 00 00 00 00 00 00 00 C0 71 A2
2026-04-21   7:08:41.267 오후   RX        13 2F 02 08 00 08 16 33 CE 2D 00 00 F2 83
2026-04-21   7:08:41.267 오후   TX        29 2F 02 18 00 08 16 33 CE 2D 00 F1 31 32 33 34 35 36 37 38 00 00 00 00 00 00 00 00 DB 67
2026-04-21   7:08:41.413 오후   RX        29 2F 02 18 00 08 16 33 CE 2D 00 00 CE CD CC CB CA C9 C8 C7 EC DC CC BC AC 9C 8C 7C 14 A4
2026-04-21   7:08:41.413 오후   TX        29 2F 02 18 00 08 16 33 CE 2D 00 F1 00 00 00 00 00 00 00 00 CE CD CC CB CA C9 C8 C7 95 8F
2026-04-21   7:08:41.561 오후   RX        29 2F 02 18 00 08 16 33 CE 2D 00 00 FF FF FF FF FF FF FF FF FF FF FF FF FF FF FF FF FE 06
2026-04-21   7:08:41.561 오후   TX        17 2F 02 0C 00 08 16 33 CE 2D 00 C4 C0 01 04 1F 31 A6
2026-04-21   7:08:41.830 오후   RX       104 2F 02 FF 00 08 16 33 CE 2D 00 73 40 81 04 1F 08 03 14 00 0A 00 08 16 33 CE 2D 53 EA 07 04 15 13 09 0F 02 E6 07 05 13 0E 29 1E EA 07 04 10 00 00 00 00 00 00 00 00 00 00 00 00 00 00 00 00 00 00 00 00 00 00 00 00 00 00 00 00 00 00 00 00 00 00 00 00 00 00 00 00 00 00 00 00 00 00 00 00 00 00 00 00 00 00 00 00 00 00
2026-04-21   7:08:41.936 오후   RX       104 00 00 00 00 00 00 00 00 00 00 00 00 00 00 00 00 00 00 00 00 00 00 00 00 00 00 00 00 00 00 00 00 00 00 00 00 00 00 00 00 00 00 00 00 00 00 00 00 00 00 00 00 00 00 00 00 00 00 00 00 00 00 00 00 00 00 00 00 00 00 00 00 00 00 00 00 00 00 00 00 00 00 00 00 00 00 00 00 00 00 00 00 00 00 00 00 00 00 00 00 00 00 00 00
2026-04-21   7:08:41.995 오후   RX        52 00 00 00 00 00 00 00 00 00 00 00 00 00 00 00 00 00 00 00 00 00 00 00 00 00 00 00 00 00 00 00 00 00 00 00 00 00 00 00 00 00 00 00 00 00 00 00 00 00 00 E4 84
2026-04-21   7:08:41.995 오후   TX        13 2F 02 08 00 08 16 33 CE 2D 00 80 52 82
2026-04-21   7:08:42.223 오후   RX       104 2F 02 77 00 08 16 33 CE 2D 00 53 81 00 00 00 EA 07 04 10 00 00 00 E8 07 06 01 00 00 00 E7 07 05 18 00 00 00 E7 07 01 01 00 00 00 00 00 00 00 00 00 00 00 00 00 00 00 00 00 00 00 00 00 00 00 00 00 00 00 00 00 00 00 00 00 00 00 00 00 00 00 00 00 00 00 00 00 00 00 00 00 00 00 00 00 00 00 00 00 00 00 00 00 00 00 00
2026-04-21   7:08:42.247 오후   RX        20 00 00 00 00 00 00 00 00 00 00 00 00 00 00 00 00 04 00 E4 BB
2026-04-21   7:08:42.247 오후   TX        13 2F 02 08 00 08 16 33 CE 2D 00 80 52 82
2026-04-21   7:08:42.247 오후   TX        17 2F 02 0C 00 08 16 33 CE 2D 00 C4 C0 01 04 2F 25 A6
2026-04-21   7:08:42.534 오후   RX       104 2F 02 FF 00 08 16 33 CE 2D 00 73 40 81 04 2F 02 01 02 00 00 00 00 00 00 00 00 00 00 00 00 00 00 00 00 00 00 00 00 00 00 00 00 00 00 00 00 00 00 00 00 00 00 00 00 00 00 00 00 00 00 00 00 00 00 00 00 00 00 00 00 00 00 00 00 00 00 00 00 00 00 EA 07 04 10 00 00 00 40 EA 07 04 01 00 00 00 01 EA 07 03 01 00 00 00 03
2026-04-21   7:08:42.646 오후   RX       104 EA 07 02 01 00 00 00 01 EA 07 01 01 00 00 00 01 E9 07 0C 01 00 00 00 01 E9 07 0B 01 00 00 00 03 E9 07 0A 01 00 00 00 01 E9 07 09 01 00 00 00 03 E9 07 08 01 00 00 00 01 E9 07 07 01 00 00 00 01 E9 07 06 01 00 00 00 03 E9 07 05 01 00 00 00 01 E9 07 04 01 00 00 00 01 E9 07 03 01 00 00 00 03 31 00 EA 07 04 10 00 00
2026-04-21   7:08:42.705 오후   RX        52 00 40 EA 07 04 01 00 00 00 01 EA 07 03 01 00 00 00 01 EA 07 02 01 00 00 00 01 EA 07 01 01 00 00 00 01 E9 07 0C 01 00 00 00 01 E9 07 0B 01 00 00 00 01 89 50
2026-04-21   7:08:42.705 오후   TX        13 2F 02 08 00 08 16 33 CE 2D 00 80 52 82
2026-04-21   7:08:42.951 오후   RX       104 2F 02 FF 00 08 16 33 CE 2D 00 53 01 E9 07 0A 01 00 00 00 01 E9 07 09 01 00 00 00 01 E9 07 08 01 00 00 00 01 E9 07 07 01 00 00 00 01 E9 07 06 01 00 00 00 01 E9 07 05 01 00 00 00 01 E9 07 04 01 00 00 00 01 E9 07 03 01 00 00 00 01 31 00 00 00 00 00 00 00 00 00 00 00 00 00 00 00 00 00 00 00 00 00 00 00 00 00 00 00
2026-04-21   7:08:43.059 오후   RX       104 00 00 00 00 00 00 00 00 00 00 00 00 00 00 00 00 00 00 00 00 00 00 00 00 00 00 00 00 00 00 00 00 00 00 00 00 00 00 00 00 00 00 00 00 00 00 00 00 00 00 00 00 00 00 00 00 00 00 00 00 00 00 00 00 00 00 00 00 00 00 00 00 00 00 00 00 00 00 00 00 00 00 00 00 00 00 00 00 00 00 00 00 00 00 00 00 00 00 00 00 00 00 00 00
2026-04-21   7:08:43.118 오후   RX        52 00 00 00 00 00 00 00 00 00 00 00 00 00 00 00 00 00 00 00 00 00 00 00 00 00 00 00 00 00 00 00 00 00 00 00 00 00 00 00 00 00 00 00 00 00 00 00 00 00 00 FC 71
2026-04-21   7:08:43.118 오후   TX        13 2F 02 08 00 08 16 33 CE 2D 00 80 52 82
2026-04-21   7:08:43.239 오후   RX        23 2F 02 12 00 08 16 33 CE 2D 00 73 82 00 00 00 00 00 00 00 00 00 C6 39
2026-04-21   7:08:43.239 오후   TX        13 2F 02 08 00 08 16 33 CE 2D 00 80 52 82
2026-04-21   7:08:43.239 오후   TX        17 2F 02 0C 00 08 16 33 CE 2D 00 C4 C0 01 04 7F 19 A6
2026-04-21   7:08:43.529 오후   RX       104 2F 02 A1 00 08 16 33 CE 2D 00 53 C0 81 04 7F 67 00 00 00 00 00 00 00 B5 00 00 00 1C 01 00 00 00 00 00 00 00 00 00 00 00 00 00 00 00 00 00 00 96 00 00 00 00 00 00 00 00 00 00 00 88 00 00 00 00 00 00 00 00 00 00 00 0E 00 00 00 00 00 00 00 B7 00 00 00 00 00 00 00 B5 00 00 00 3B 01 00 00 8C C0 01 00 00 00 00 00 77
2026-04-21   7:08:43.597 오후   RX        62 C1 01 00 3B 06 00 00 00 00 00 00 2B 06 00 00 01 6B EA 00 00 1B 16 00 00 00 00 00 00 F1 26 00 00 6D 0D 00 00 37 00 00 00 00 00 00 00 64 01 00 00 AD 01 00 00 00 00 00 00 AF 01 00 00 69 FB
2026-04-21   7:08:43.597 오후   TX        13 2F 02 08 00 08 16 33 CE 2D 00 80 52 82
2026-04-21   7:08:43.597 오후   TX        17 2F 02 0C 00 08 16 33 CE 2D 00 C4 C0 01 05 9F 01 A6
2026-04-21   7:08:43.896 오후   RX       104 2F 02 98 00 08 16 33 CE 2D 00 73 C0 81 05 9F 6D 23 00 00 71 23 00 00 62 23 00 00 6E 23 00 00 00 00 00 00 9B 22 00 00 88 22 00 00 AE 22 00 00 9F 22 00 00 00 00 00 00 D2 23 00 00 BD 23 00 00 A9 23 00 00 EB 23 00 00 00 00 00 00 4F 24 00 00 38 24 00 00 4C 24 00 00 5C 24 00 00 00 00 00 00 FB 23 00 00 E7 23 00 00 EB
2026-04-21   7:08:43.955 오후   RX        53 23 00 00 0D 24 00 00 00 00 00 00 0F 24 00 00 FC 23 00 00 F4 23 00 00 24 24 00 00 00 00 00 00 90 23 00 00 7D 23 00 00 6D 23 00 00 A8 23 00 00 00 00 00 00 E9 D8
2026-04-21   7:08:43.955 오후   TX        13 2F 02 08 00 08 16 33 CE 2D 00 80 52 82
2026-04-21   7:08:43.955 오후   TX        17 2F 02 0C 00 08 16 33 CE 2D 00 C4 C0 01 05 7F 89 A7
2026-04-21   7:08:44.223 오후   RX       104 2F 02 98 00 08 16 33 CE 2D 00 53 C0 81 05 7F 3B 23 00 00 3B 23 00 00 F7 22 00 00 2F 23 00 00 00 00 00 00 34 23 00 00 AE 22 00 00 BA 22 00 00 34 23 00 00 00 00 00 00 C3 23 00 00 02 24 00 00 C3 23 00 00 20 24 00 00 00 00 00 00 C9 23 00 00 C9 23 00 00 D1 23 00 00 03 24 00 00 00 00 00 00 D6 23 00 00 D6 23 00 00 AC
2026-04-21   7:08:44.283 오후   RX        53 23 00 00 AE 23 00 00 00 00 00 00 78 23 00 00 78 23 00 00 84 23 00 00 E4 23 00 00 00 00 00 00 F4 23 00 00 F4 23 00 00 B0 23 00 00 13 24 00 00 00 00 00 00 86 4B
2026-04-21   7:08:44.283 오후   TX        13 2F 02 08 00 08 16 33 CE 2D 00 80 52 82
2026-04-21   7:08:44.283 오후   TX        17 2F 02 0C 00 08 16 33 CE 2D 00 C4 C0 01 05 1F A1 A7
2026-04-21   7:08:44.610 오후   RX       104 2F 02 FF 00 08 16 33 CE 2D 00 73 40 81 05 1F 5B B6 95 00 00 00 00 00 5B B6 95 00 D8 EF 46 00 00 00 00 00 D8 EF 46 00 A3 C8 A5 00 00 00 00 00 A3 C8 A5 00 26 C4 2D 00 00 00 00 00 26 C4 2D 00 9B E4 15 00 00 00 00 00 9B E4 15 00 3A C4 32 00 00 00 00 00 3A C4 32 00 06 41 19 00 00 00 00 00 06 41 19 00 A6 2D 0C 00 00
2026-04-21   7:08:44.714 오후   RX       104 00 00 00 A6 2D 0C 00 67 0E 1C 00 00 00 00 00 67 0E 1C 00 2E B1 4E 00 00 00 00 00 2E B1 4E 00 96 DD 24 00 00 00 00 00 96 DD 24 00 00 F6 56 00 00 00 00 00 00 F6 56 00 00 00 00 00 00 00 00 00 00 00 00 00 00 00 00 00 00 00 00 00 00 00 00 00 00 00 00 00 00 00 00 00 00 00 00 00 E7 21 95 00 00 00 00 00 E7 21 95 00 E4
2026-04-21   7:08:44.774 오후   RX        52 AA 46 00 00 00 00 00 E4 AA 46 00 EB 24 A5 00 00 00 00 00 EB 24 A5 00 53 94 2D 00 00 00 00 00 53 94 2D 00 72 CE 15 00 00 00 00 00 72 CE 15 00 81 8F 32 F2 52
2026-04-21   7:08:44.774 오후   TX        13 2F 02 08 00 08 16 33 CE 2D 00 80 52 82
2026-04-21   7:08:45.024 오후   RX       104 2F 02 FF 00 08 16 33 CE 2D 00 53 01 00 00 00 00 00 81 8F 32 00 E1 28 19 00 00 00 00 00 E1 28 19 00 5C 22 0C 00 00 00 00 00 5C 22 0C 00 BE F3 1B 00 00 00 00 00 BE F3 1B 00 B2 64 4E 00 00 00 00 00 B2 64 4E 00 15 BA 24 00 00 00 00 00 15 BA 24 00 AB A1 56 00 00 00 00 00 AB A1 56 00 00 00 00 00 00 00 00 00 00 00 00
2026-04-21   7:08:45.129 오후   RX       104 00 00 00 00 00 00 00 00 00 00 00 00 00 00 00 00 00 00 00 00 00 00 00 00 00 7F A0 94 00 00 00 00 00 7F A0 94 00 22 67 46 00 00 00 00 00 22 67 46 00 95 92 A4 00 00 00 00 00 95 92 A4 00 F9 6A 2D 00 00 00 00 00 F9 6A 2D 00 95 B8 15 00 00 00 00 00 95 B8 15 00 A2 60 32 00 00 00 00 00 A2 60 32 00 44 0E 19 00 00 00 00
2026-04-21   7:08:45.189 오후   RX        52 00 44 0E 19 00 91 14 0C 00 00 00 00 00 91 14 0C 00 B8 D5 1B 00 00 00 00 00 B8 D5 1B 00 41 27 4E 00 00 00 00 00 41 27 4E 00 FB 99 24 00 00 00 00 00 FB B0 7A
2026-04-21   7:08:45.189 오후   TX        13 2F 02 08 00 08 16 33 CE 2D 00 80 52 82
2026-04-21   7:08:45.476 오후   RX       104 2F 02 FF 00 08 16 33 CE 2D 00 73 02 99 24 00 39 5C 56 00 00 00 00 00 39 5C 56 00 00 00 00 00 00 00 00 00 00 00 00 00 00 00 00 00 00 00 00 00 00 00 00 00 00 00 00 00 00 00 00 00 00 00 00 00 0F 03 92 00 00 00 00 00 0F 03 92 00 1F 44 45 00 00 00 00 00 1F 44 45 00 5D B8 A1 00 00 00 00 00 5D B8 A1 00 E1 A5 2C 00 00
2026-04-21   7:08:45.587 오후   RX       104 00 00 00 E1 A5 2C 00 A3 61 15 00 00 00 00 00 A3 61 15 00 24 89 31 00 00 00 00 00 24 89 31 00 FD 9D 18 00 00 00 00 00 FD 9D 18 00 60 E2 0B 00 00 00 00 00 60 E2 0B 00 B1 5A 1B 00 00 00 00 00 B1 5A 1B 00 30 BF 4C 00 00 00 00 00 30 BF 4C 00 1A 00 24 00 00 00 00 00 1A 00 24 00 87 D4 54 00 00 00 00 00 87 D4 54 00 00
2026-04-21   7:08:45.645 오후   RX        52 00 00 00 00 00 00 00 00 00 00 00 00 00 00 00 00 00 00 00 00 00 00 00 00 00 00 00 00 00 00 00 00 00 00 00 D3 07 8F 00 00 00 00 00 D3 07 8F 00 70 15 44 C4 66